111111,5555,DBTEST,1111
111112,5555,DBTEST,1112
111113,5555,DBTEST,1113
111114,5555,DBTEST,1114
111115,5555,DBTEST,1115
111116,5555,DBTEST,1116
111117,5555,DBTEST,1117
111118,5555,DBTEST,1118
111119,5555,DBTEST,1119
111120,5555,DBTEST,1120
111121,5555,DBTEST,1121
111122,5555,DBTEST,1122
111123,5555,DBTEST,1123
111124,5555,DBTEST,1124
111125,5555,DBTEST,1125
111126,5555,DBTEST,1126
111127,5555,DBTEST,1127
111128,5555,DBTEST,1128
111129,5555,DBTEST,1129
111130,5555,DBTEST,1130
111131,5555,DBTEST,1131
111132,5555,DBTEST,1132
111133,5555,DBTEST,1133
111134,5555,DBTEST,1134
111135,5555,DBTEST,1135
111136,5555,DBTEST,1136
111137,5555,DBTEST,1137
111138,5555,DBTEST,1138
111139,5555,DBTEST,1139
111140,5555,DBTEST,1140
111141,5555,DBTEST,1141
111142,5555,DBTEST,1142
111143,5555,DBTEST,1143
111144,5555,DBTEST,1144
111145,5555,DBTEST,1145
111146,5555,DBTEST,1146
111147,5555,DBTEST,1147
111148,5555,DBTEST,1148
111149,5555,DBTEST,1149
111150,5555,DBTEST,1150
111151,5555,DBTEST,1151
111152,5555,DBTEST,1152
111153,5555,DBTEST,1153
111154,5555,DBTEST,1154
111155,5555,DBTEST,1155
111156,5555,DBTEST,1156
111157,5555,DBTEST,1157
111158,5555,DBTEST,1158
111159,5555,DBTEST,1159
111160,5555,DBTEST,1160
111161,5555,DBTEST,1161
111162,5555,DBTEST,1162
111163,5555,DBTEST,1163
111164,5555,DBTEST,1164
111165,5555,DBTEST,1165
111166,5555,DBTEST,1166
111167,5555,DBTEST,1167
111168,5555,DBTEST,1168
111169,5555,DBTEST,1169
111170,5555,DBTEST,1170
111171,5555,DBTEST,1171
111172,5555,DBTEST,1172
111173,5555,DBTEST,1173
111174,5555,DBTEST,1174
111175,5555,DBTEST,1175
111176,5555,DBTEST,1176
111177,5555,DBTEST,1177
111178,5555,DBTEST,1178
111179,5555,DBTEST,1179
111180,5555,DBTEST,1180
111181,5555,DBTEST,1181
111182,5555,DBTEST,1182
111183,5555,DBTEST,1183
111184,5555,DBTEST,1184
111185,5555,DBTEST,1185
111186,5555,DBTEST,1186
111187,5555,DBTEST,1187
111188,5555,DBTEST,1188
111189,5555,DBTEST,1189
111190,5555,DBTEST,1190
111191,5555,DBTEST,1191
111192,5555,DBTEST,1192
111193,5555,DBTEST,1193
111194,5555,DBTEST,1194
111195,5555,DBTEST,1195
111196,5555,DBTEST,1196
111197,5555,DBTEST,1197
111198,5555,DBTEST,1198
111199,5555,DBTEST,1199
111200,5555,DBTEST,1200
111201,5555,DBTEST,1201
111202,5555,DBTEST,1202
111203,5555,DBTEST,1203
111204,5555,DBTEST,1204
111205,5555,DBTEST,1205
111206,5555,DBTEST,1206
111207,5555,DBTEST,1207
111208,5555,DBTEST,1208
111209,5555,DBTEST,1209
111210,5555,DBTEST,1210
111211,5555,DBTEST,1211
111212,5555,DBTEST,1212
111213,5555,DBTEST,1213
111214,5555,DBTEST,1214
111215,5555,DBTEST,1215
111216,5555,DBTEST,1216
111217,5555,DBTEST,1217
111218,5555,DBTEST,1218
111219,5555,DBTEST,1219
111220,5555,DBTEST,1220
111221,5555,DBTEST,1221
111222,5555,DBTEST,1222
111223,5555,DBTEST,1223
111224,5555,DBTEST,1224
111225,5555,DBTEST,1225
111226,5555,DBTEST,1226
111227,5555,DBTEST,1227
111228,5555,DBTEST,1228
111229,5555,DBTEST,1229
111230,5555,DBTEST,1230
111231,5555,DBTEST,1231
111232,5555,DBTEST,1232
111233,5555,DBTEST,1233
111234,5555,DBTEST,1234
111235,5555,DBTEST,1235
111236,5555,DBTEST,1236
111237,5555,DBTEST,1237
111238,5555,DBTEST,1238
111239,5555,DBTEST,1239
111240,5555,DBTEST,1240
111241,5555,DBTEST,1241
111242,5555,DBTEST,1242
111243,5555,DBTEST,1243
111244,5555,DBTEST,1244
111245,5555,DBTEST,1245
111246,5555,DBTEST,1246
111247,5555,DBTEST,1247
111248,5555,DBTEST,1248
111249,5555,DBTEST,1249
111250,5555,DBTEST,1250
111251,5555,DBTEST,1251
111252,5555,DBTEST,1252
111253,5555,DBTEST,1253
111254,5555,DBTEST,1254
111255,5555,DBTEST,1255
111256,5555,DBTEST,1256
111257,5555,DBTEST,1257
111258,5555,DBTEST,1258
111259,5555,DBTEST,1259
111260,5555,DBTEST,1260
111261,5555,DBTEST,1261
111262,5555,DBTEST,1262
111263,5555,DBTEST,1263
111264,5555,DBTEST,1264
111265,5555,DBTEST,1265
111266,5555,DBTEST,1266
111267,5555,DBTEST,1267
111268,5555,DBTEST,1268
111269,5555,DBTEST,1269
111270,5555,DBTEST,1270
111271,5555,DBTEST,1271
111272,5555,DBTEST,1272
111273,5555,DBTEST,1273
111274,5555,DBTEST,1274
111275,5555,DBTEST,1275
111276,5555,DBTEST,1276
111277,5555,DBTEST,1277
111278,5555,DBTEST,1278
111279,5555,DBTEST,1279
111280,5555,DBTEST,1280
111281,5555,DBTEST,1281
111282,5555,DBTEST,1282
111283,5555,DBTEST,1283
111284,5555,DBTEST,1284
111285,5555,DBTEST,1285
111286,5555,DBTEST,1286
111287,5555,DBTEST,1287
111288,5555,DBTEST,1288
111289,5555,DBTEST,1289
111290,5555,DBTEST,1290
111291,5555,DBTEST,1291
111292,5555,DBTEST,1292
111293,5555,DBTEST,1293
111294,5555,DBTEST,1294
111295,5555,DBTEST,1295
111296,5555,DBTEST,1296
111297,5555,DBTEST,1297
111298,5555,DBTEST,1298
111299,5555,DBTEST,1299
111300,5555,DBTEST,1300
111301,5555,DBTEST,1301
111302,5555,DBTEST,1302
111303,5555,DBTEST,1303
111304,5555,DBTEST,1304
111305,5555,DBTEST,1305
111306,5555,DBTEST,1306
111307,5555,DBTEST,1307
111308,5555,DBTEST,1308
111309,5555,DBTEST,1309
111310,5555,DBTEST,1310
111311,5555,DBTEST,1311
111312,5555,DBTEST,1312
111313,5555,DBTEST,1313
111314,5555,DBTEST,1314
111315,5555,DBTEST,1315
111316,5555,DBTEST,1316
111317,5555,DBTEST,1317
111318,5555,DBTEST,1318
111319,5555,DBTEST,1319
111320,5555,DBTEST,1320
111321,5555,DBTEST,1321
111322,5555,DBTEST,1322
111323,5555,DBTEST,1323
111324,5555,DBTEST,1324
111325,5555,DBTEST,1325
111326,5555,DBTEST,1326
111327,5555,DBTEST,1327
111328,5555,DBTEST,1328
111329,5555,DBTEST,1329
111330,5555,DBTEST,1330
111331,5555,DBTEST,1331
111332,5555,DBTEST,1332
111333,5555,DBTEST,1333
111334,5555,DBTEST,1334
111335,5555,DBTEST,1335
111336,5555,DBTEST,1336
111337,5555,DBTEST,1337
111338,5555,DBTEST,1338
111339,5555,DBTEST,1339
111340,5555,DBTEST,1340
111341,5555,DBTEST,1341
111342,5555,DBTEST,1342
111343,5555,DBTEST,1343
111344,5555,DBTEST,1344
111345,5555,DBTEST,1345
111346,5555,DBTEST,1346
111347,5555,DBTEST,1347
111348,5555,DBTEST,1348
111349,5555,DBTEST,1349
111350,5555,DBTEST,1350
111351,5555,DBTEST,1351
111352,5555,DBTEST,1352
111353,5555,DBTEST,1353
111354,5555,DBTEST,1354
111355,5555,DBTEST,1355
111356,5555,DBTEST,1356
111357,5555,DBTEST,1357
111358,5555,DBTEST,1358
111359,5555,DBTEST,1359
111360,5555,DBTEST,1360
111361,5555,DBTEST,1361
111362,5555,DBTEST,1362
111363,5555,DBTEST,1363
111364,5555,DBTEST,1364
111365,5555,DBTEST,1365
111366,5555,DBTEST,1366
111367,5555,DBTEST,1367
111368,5555,DBTEST,1368
111369,5555,DBTEST,1369
111370,5555,DBTEST,1370
111371,5555,DBTEST,1371
111372,5555,DBTEST,1372
111373,5555,DBTEST,1373
111374,5555,DBTEST,1374
111375,5555,DBTEST,1375
111376,5555,DBTEST,1376
111377,5555,DBTEST,1377
111378,5555,DBTEST,1378
111379,5555,DBTEST,1379
111380,5555,DBTEST,1380
111381,5555,DBTEST,1381
111382,5555,DBTEST,1382
111383,5555,DBTEST,1383
111384,5555,DBTEST,1384
111385,5555,DBTEST,1385
111386,5555,DBTEST,1386
111387,5555,DBTEST,1387
111388,5555,DBTEST,1388
111389,5555,DBTEST,1389
111390,5555,DBTEST,1390
111391,5555,DBTEST,1391
111392,5555,DBTEST,1392
111393,5555,DBTEST,1393
111394,5555,DBTEST,1394
111395,5555,DBTEST,1395
111396,5555,DBTEST,1396
111397,5555,DBTEST,1397
111398,5555,DBTEST,1398
111399,5555,DBTEST,1399
111400,5555,DBTEST,1400
111401,5555,DBTEST,1401
111402,5555,DBTEST,1402
111403,5555,DBTEST,1403
111404,5555,DBTEST,1404
111405,5555,DBTEST,1405
111406,5555,DBTEST,1406
111407,5555,DBTEST,1407
111408,5555,DBTEST,1408
111409,5555,DBTEST,1409
111410,5555,DBTEST,1410
111411,5555,DBTEST,1411
111412,5555,DBTEST,1412
111413,5555,DBTEST,1413
111414,5555,DBTEST,1414
111415,5555,DBTEST,1415
111416,5555,DBTEST,1416
111417,5555,DBTEST,1417
111418,5555,DBTEST,1418
111419,5555,DBTEST,1419
111420,5555,DBTEST,1420
111421,5555,DBTEST,1421
111422,5555,DBTEST,1422
111423,5555,DBTEST,1423
111424,5555,DBTEST,1424
111425,5555,DBTEST,1425
111426,5555,DBTEST,1426
111427,5555,DBTEST,1427
111428,5555,DBTEST,1428
111429,5555,DBTEST,1429
111430,5555,DBTEST,1430
111431,5555,DBTEST,1431
111432,5555,DBTEST,1432
111433,5555,DBTEST,1433
111434,5555,DBTEST,1434
111435,5555,DBTEST,1435
111436,5555,DBTEST,1436
111437,5555,DBTEST,1437
111438,5555,DBTEST,1438
111439,5555,DBTEST,1439
111440,5555,DBTEST,1440
111441,5555,DBTEST,1441
111442,5555,DBTEST,1442
111443,5555,DBTEST,1443
111444,5555,DBTEST,1444
111445,5555,DBTEST,1445
111446,5555,DBTEST,1446
111447,5555,DBTEST,1447
111448,5555,DBTEST,1448
111449,5555,DBTEST,1449
111450,5555,DBTEST,1450
111451,5555,DBTEST,1451
111452,5555,DBTEST,1452
111453,5555,DBTEST,1453
111454,5555,DBTEST,1454
111455,5555,DBTEST,1455
111456,5555,DBTEST,1456
111457,5555,DBTEST,1457
111458,5555,DBTEST,1458
111459,5555,DBTEST,1459
111460,5555,DBTEST,1460
111461,5555,DBTEST,1461
111462,5555,DBTEST,1462
111463,5555,DBTEST,1463
111464,5555,DBTEST,1464
111465,5555,DBTEST,1465
111466,5555,DBTEST,1466
111467,5555,DBTEST,1467
111468,5555,DBTEST,1468
111469,5555,DBTEST,1469
111470,5555,DBTEST,1470
111471,5555,DBTEST,1471
111472,5555,DBTEST,1472
111473,5555,DBTEST,1473
111474,5555,DBTEST,1474
111475,5555,DBTEST,1475
111476,5555,DBTEST,1476
111477,5555,DBTEST,1477
111478,5555,DBTEST,1478
111479,5555,DBTEST,1479
111480,5555,DBTEST,1480
111481,5555,DBTEST,1481
111482,5555,DBTEST,1482
111483,5555,DBTEST,1483
111484,5555,DBTEST,1484
111485,5555,DBTEST,1485
111486,5555,DBTEST,1486
111487,5555,DBTEST,1487
111488,5555,DBTEST,1488
111489,5555,DBTEST,1489
111490,5555,DBTEST,1490
111491,5555,DBTEST,1491
111492,5555,DBTEST,1492
111493,5555,DBTEST,1493
111494,5555,DBTEST,1494
111495,5555,DBTEST,1495
111496,5555,DBTEST,1496
111497,5555,DBTEST,1497
111498,5555,DBTEST,1498
111499,5555,DBTEST,1499
111500,5555,DBTEST,1500
111501,5555,DBTEST,1501
111502,5555,DBTEST,1502
111503,5555,DBTEST,1503
111504,5555,DBTEST,1504
111505,5555,DBTEST,1505
111506,5555,DBTEST,1506
111507,5555,DBTEST,1507
111508,5555,DBTEST,1508
111509,5555,DBTEST,1509
111510,5555,DBTEST,1510
111511,5555,DBTEST,1511
111512,5555,DBTEST,1512
111513,5555,DBTEST,1513
111514,5555,DBTEST,1514
111515,5555,DBTEST,1515
111516,5555,DBTEST,1516
111517,5555,DBTEST,1517
111518,5555,DBTEST,1518
111519,5555,DBTEST,1519
111520,5555,DBTEST,1520
111521,5555,DBTEST,1521
111522,5555,DBTEST,1522
111523,5555,DBTEST,1523
111524,5555,DBTEST,1524
111525,5555,DBTEST,1525
111526,5555,DBTEST,1526
111527,5555,DBTEST,1527
111528,5555,DBTEST,1528
111529,5555,DBTEST,1529
111530,5555,DBTEST,1530
111531,5555,DBTEST,1531
111532,5555,DBTEST,1532
111533,5555,DBTEST,1533
111534,5555,DBTEST,1534
111535,5555,DBTEST,1535
111536,5555,DBTEST,1536
111537,5555,DBTEST,1537
111538,5555,DBTEST,1538
111539,5555,DBTEST,1539
111540,5555,DBTEST,1540
111541,5555,DBTEST,1541
111542,5555,DBTEST,1542
111543,5555,DBTEST,1543
111544,5555,DBTEST,1544
111545,5555,DBTEST,1545
111546,5555,DBTEST,1546
111547,5555,DBTEST,1547
111548,5555,DBTEST,1548
111549,5555,DBTEST,1549
111550,5555,DBTEST,1550
111551,5555,DBTEST,1551
111552,5555,DBTEST,1552
111553,5555,DBTEST,1553
111554,5555,DBTEST,1554
111555,5555,DBTEST,1555
111556,5555,DBTEST,1556
111557,5555,DBTEST,1557
111558,5555,DBTEST,1558
111559,5555,DBTEST,1559
111560,5555,DBTEST,1560
111561,5555,DBTEST,1561
111562,5555,DBTEST,1562
111563,5555,DBTEST,1563
111564,5555,DBTEST,1564
111565,5555,DBTEST,1565
111566,5555,DBTEST,1566
111567,5555,DBTEST,1567
111568,5555,DBTEST,1568
111569,5555,DBTEST,1569
111570,5555,DBTEST,1570
111571,5555,DBTEST,1571
111572,5555,DBTEST,1572
111573,5555,DBTEST,1573
111574,5555,DBTEST,1574
111575,5555,DBTEST,1575
111576,5555,DBTEST,1576
111577,5555,DBTEST,1577
111578,5555,DBTEST,1578
111579,5555,DBTEST,1579
111580,5555,DBTEST,1580
111581,5555,DBTEST,1581
111582,5555,DBTEST,1582
111583,5555,DBTEST,1583
111584,5555,DBTEST,1584
111585,5555,DBTEST,1585
111586,5555,DBTEST,1586
111587,5555,DBTEST,1587
111588,5555,DBTEST,1588
111589,5555,DBTEST,1589
111590,5555,DBTEST,1590
111591,5555,DBTEST,1591
111592,5555,DBTEST,1592
111593,5555,DBTEST,1593
111594,5555,DBTEST,1594
111595,5555,DBTEST,1595
111596,5555,DBTEST,1596
111597,5555,DBTEST,1597
111598,5555,DBTEST,1598
111599,5555,DBTEST,1599
111600,5555,DBTEST,1600
111601,5555,DBTEST,1601
111602,5555,DBTEST,1602
111603,5555,DBTEST,1603
111604,5555,DBTEST,1604
111605,5555,DBTEST,1605
111606,5555,DBTEST,1606
111607,5555,DBTEST,1607
111608,5555,DBTEST,1608
111609,5555,DBTEST,1609
111610,5555,DBTEST,1610
111611,5555,DBTEST,1611
111612,5555,DBTEST,1612
111613,5555,DBTEST,1613
111614,5555,DBTEST,1614
111615,5555,DBTEST,1615
111616,5555,DBTEST,1616
111617,5555,DBTEST,1617
111618,5555,DBTEST,1618
111619,5555,DBTEST,1619
111620,5555,DBTEST,1620
111621,5555,DBTEST,1621
111622,5555,DBTEST,1622
111623,5555,DBTEST,1623
111624,5555,DBTEST,1624
111625,5555,DBTEST,1625
111626,5555,DBTEST,1626
111627,5555,DBTEST,1627
111628,5555,DBTEST,1628
111629,5555,DBTEST,1629
111630,5555,DBTEST,1630
111631,5555,DBTEST,1631
111632,5555,DBTEST,1632
111633,5555,DBTEST,1633
111634,5555,DBTEST,1634
111635,5555,DBTEST,1635
111636,5555,DBTEST,1636
111637,5555,DBTEST,1637
111638,5555,DBTEST,1638
111639,5555,DBTEST,1639
111640,5555,DBTEST,1640
111641,5555,DBTEST,1641
111642,5555,DBTEST,1642
111643,5555,DBTEST,1643
111644,5555,DBTEST,1644
111645,5555,DBTEST,1645
111646,5555,DBTEST,1646
111647,5555,DBTEST,1647
111648,5555,DBTEST,1648
111649,5555,DBTEST,1649
111650,5555,DBTEST,1650
111651,5555,DBTEST,1651
111652,5555,DBTEST,1652
111653,5555,DBTEST,1653
111654,5555,DBTEST,1654
111655,5555,DBTEST,1655
111656,5555,DBTEST,1656
111657,5555,DBTEST,1657
111658,5555,DBTEST,1658
111659,5555,DBTEST,1659
111660,5555,DBTEST,1660
111661,5555,DBTEST,1661
111662,5555,DBTEST,1662
111663,5555,DBTEST,1663
111664,5555,DBTEST,1664
111665,5555,DBTEST,1665
111666,5555,DBTEST,1666
111667,5555,DBTEST,1667
111668,5555,DBTEST,1668
111669,5555,DBTEST,1669
111670,5555,DBTEST,1670
111671,5555,DBTEST,1671
111672,5555,DBTEST,1672
111673,5555,DBTEST,1673
111674,5555,DBTEST,1674
111675,5555,DBTEST,1675
111676,5555,DBTEST,1676
111677,5555,DBTEST,1677
111678,5555,DBTEST,1678
111679,5555,DBTEST,1679
111680,5555,DBTEST,1680
111681,5555,DBTEST,1681
111682,5555,DBTEST,1682
111683,5555,DBTEST,1683
111684,5555,DBTEST,1684
111685,5555,DBTEST,1685
111686,5555,DBTEST,1686
111687,5555,DBTEST,1687
111688,5555,DBTEST,1688
111689,5555,DBTEST,1689
111690,5555,DBTEST,1690
111691,5555,DBTEST,1691
111692,5555,DBTEST,1692
111693,5555,DBTEST,1693
111694,5555,DBTEST,1694
111695,5555,DBTEST,1695
111696,5555,DBTEST,1696
111697,5555,DBTEST,1697
111698,5555,DBTEST,1698
111699,5555,DBTEST,1699
111700,5555,DBTEST,1700
111701,5555,DBTEST,1701
111702,5555,DBTEST,1702
111703,5555,DBTEST,1703
111704,5555,DBTEST,1704
111705,5555,DBTEST,1705
111706,5555,DBTEST,1706
111707,5555,DBTEST,1707
111708,5555,DBTEST,1708
111709,5555,DBTEST,1709
111710,5555,DBTEST,1710
111711,5555,DBTEST,1711
111712,5555,DBTEST,1712
111713,5555,DBTEST,1713
111714,5555,DBTEST,1714
111715,5555,DBTEST,1715
111716,5555,DBTEST,1716
111717,5555,DBTEST,1717
111718,5555,DBTEST,1718
111719,5555,DBTEST,1719
111720,5555,DBTEST,1720
111721,5555,DBTEST,1721
111722,5555,DBTEST,1722
111723,5555,DBTEST,1723
111724,5555,DBTEST,1724
111725,5555,DBTEST,1725
111726,5555,DBTEST,1726
111727,5555,DBTEST,1727
111728,5555,DBTEST,1728
111729,5555,DBTEST,1729
111730,5555,DBTEST,1730
111731,5555,DBTEST,1731
111732,5555,DBTEST,1732
111733,5555,DBTEST,1733
111734,5555,DBTEST,1734
111735,5555,DBTEST,1735
111736,5555,DBTEST,1736
111737,5555,DBTEST,1737
111738,5555,DBTEST,1738
111739,5555,DBTEST,1739
111740,5555,DBTEST,1740
111741,5555,DBTEST,1741
111742,5555,DBTEST,1742
111743,5555,DBTEST,1743
111744,5555,DBTEST,1744
111745,5555,DBTEST,1745
111746,5555,DBTEST,1746
111747,5555,DBTEST,1747
111748,5555,DBTEST,1748
111749,5555,DBTEST,1749
111750,5555,DBTEST,1750
111751,5555,DBTEST,1751
111752,5555,DBTEST,1752
111753,5555,DBTEST,1753
111754,5555,DBTEST,1754
111755,5555,DBTEST,1755
111756,5555,DBTEST,1756
111757,5555,DBTEST,1757
111758,5555,DBTEST,1758
111759,5555,DBTEST,1759
111760,5555,DBTEST,1760
111761,5555,DBTEST,1761
111762,5555,DBTEST,1762
111763,5555,DBTEST,1763
111764,5555,DBTEST,1764
111765,5555,DBTEST,1765
111766,5555,DBTEST,1766
111767,5555,DBTEST,1767
111768,5555,DBTEST,1768
111769,5555,DBTEST,1769
111770,5555,DBTEST,1770
111771,5555,DBTEST,1771
111772,5555,DBTEST,1772
111773,5555,DBTEST,1773
111774,5555,DBTEST,1774
111775,5555,DBTEST,1775
111776,5555,DBTEST,1776
111777,5555,DBTEST,1777
111778,5555,DBTEST,1778
111779,5555,DBTEST,1779
111780,5555,DBTEST,1780
111781,5555,DBTEST,1781
111782,5555,DBTEST,1782
111783,5555,DBTEST,1783
111784,5555,DBTEST,1784
111785,5555,DBTEST,1785
111786,5555,DBTEST,1786
111787,5555,DBTEST,1787
111788,5555,DBTEST,1788
111789,5555,DBTEST,1789
111790,5555,DBTEST,1790
111791,5555,DBTEST,1791
111792,5555,DBTEST,1792
111793,5555,DBTEST,1793
111794,5555,DBTEST,1794
111795,5555,DBTEST,1795
111796,5555,DBTEST,1796
111797,5555,DBTEST,1797
111798,5555,DBTEST,1798
111799,5555,DBTEST,1799
111800,5555,DBTEST,1800
111801,5555,DBTEST,1801
111802,5555,DBTEST,1802
111803,5555,DBTEST,1803
111804,5555,DBTEST,1804
111805,5555,DBTEST,1805
111806,5555,DBTEST,1806
111807,5555,DBTEST,1807
111808,5555,DBTEST,1808
111809,5555,DBTEST,1809
111810,5555,DBTEST,1810
111811,5555,DBTEST,1811
111812,5555,DBTEST,1812
111813,5555,DBTEST,1813
111814,5555,DBTEST,1814
111815,5555,DBTEST,1815
111816,5555,DBTEST,1816
111817,5555,DBTEST,1817
111818,5555,DBTEST,1818
111819,5555,DBTEST,1819
111820,5555,DBTEST,1820
111821,5555,DBTEST,1821
111822,5555,DBTEST,1822
111823,5555,DBTEST,1823
111824,5555,DBTEST,1824
111825,5555,DBTEST,1825
111826,5555,DBTEST,1826
111827,5555,DBTEST,1827
111828,5555,DBTEST,1828
111829,5555,DBTEST,1829
111830,5555,DBTEST,1830
111831,5555,DBTEST,1831
111832,5555,DBTEST,1832
111833,5555,DBTEST,1833
111834,5555,DBTEST,1834
111835,5555,DBTEST,1835
111836,5555,DBTEST,1836
111837,5555,DBTEST,1837
111838,5555,DBTEST,1838
111839,5555,DBTEST,1839
111840,5555,DBTEST,1840
111841,5555,DBTEST,1841
111842,5555,DBTEST,1842
111843,5555,DBTEST,1843
111844,5555,DBTEST,1844
111845,5555,DBTEST,1845
111846,5555,DBTEST,1846
111847,5555,DBTEST,1847
111848,5555,DBTEST,1848
111849,5555,DBTEST,1849
111850,5555,DBTEST,1850
111851,5555,DBTEST,1851
111852,5555,DBTEST,1852
111853,5555,DBTEST,1853
111854,5555,DBTEST,1854
111855,5555,DBTEST,1855
111856,5555,DBTEST,1856
111857,5555,DBTEST,1857
111858,5555,DBTEST,1858
111859,5555,DBTEST,1859
111860,5555,DBTEST,1860
111861,5555,DBTEST,1861
111862,5555,DBTEST,1862
111863,5555,DBTEST,1863
111864,5555,DBTEST,1864
111865,5555,DBTEST,1865
111866,5555,DBTEST,1866
111867,5555,DBTEST,1867
111868,5555,DBTEST,1868
111869,5555,DBTEST,1869
111870,5555,DBTEST,1870
111871,5555,DBTEST,1871
111872,5555,DBTEST,1872
111873,5555,DBTEST,1873
111874,5555,DBTEST,1874
111875,5555,DBTEST,1875
111876,5555,DBTEST,1876
111877,5555,DBTEST,1877
111878,5555,DBTEST,1878
111879,5555,DBTEST,1879
111880,5555,DBTEST,1880
111881,5555,DBTEST,1881
111882,5555,DBTEST,1882
111883,5555,DBTEST,1883
111884,5555,DBTEST,1884
111885,5555,DBTEST,1885
111886,5555,DBTEST,1886
111887,5555,DBTEST,1887
111888,5555,DBTEST,1888
111889,5555,DBTEST,1889
111890,5555,DBTEST,1890
111891,5555,DBTEST,1891
111892,5555,DBTEST,1892
111893,5555,DBTEST,1893
111894,5555,DBTEST,1894
111895,5555,DBTEST,1895
111896,5555,DBTEST,1896
111897,5555,DBTEST,1897
111898,5555,DBTEST,1898
111899,5555,DBTEST,1899
111900,5555,DBTEST,1900
111901,5555,DBTEST,1901
111902,5555,DBTEST,1902
111903,5555,DBTEST,1903
111904,5555,DBTEST,1904
111905,5555,DBTEST,1905
111906,5555,DBTEST,1906
111907,5555,DBTEST,1907
111908,5555,DBTEST,1908
111909,5555,DBTEST,1909
111910,5555,DBTEST,1910
111911,5555,DBTEST,1911
111912,5555,DBTEST,1912
111913,5555,DBTEST,1913
111914,5555,DBTEST,1914
111915,5555,DBTEST,1915
111916,5555,DBTEST,1916
111917,5555,DBTEST,1917
111918,5555,DBTEST,1918
111919,5555,DBTEST,1919
111920,5555,DBTEST,1920
111921,5555,DBTEST,1921
111922,5555,DBTEST,1922
111923,5555,DBTEST,1923
111924,5555,DBTEST,1924
111925,5555,DBTEST,1925
111926,5555,DBTEST,1926
111927,5555,DBTEST,1927
111928,5555,DBTEST,1928
111929,5555,DBTEST,1929
111930,5555,DBTEST,1930
111931,5555,DBTEST,1931
111932,5555,DBTEST,1932
111933,5555,DBTEST,1933
111934,5555,DBTEST,1934
111935,5555,DBTEST,1935
111936,5555,DBTEST,1936
111937,5555,DBTEST,1937
111938,5555,DBTEST,1938
111939,5555,DBTEST,1939
111940,5555,DBTEST,1940
111941,5555,DBTEST,1941
111942,5555,DBTEST,1942
111943,5555,DBTEST,1943
111944,5555,DBTEST,1944
111945,5555,DBTEST,1945
111946,5555,DBTEST,1946
111947,5555,DBTEST,1947
111948,5555,DBTEST,1948
111949,5555,DBTEST,1949
111950,5555,DBTEST,1950
111951,5555,DBTEST,1951
111952,5555,DBTEST,1952
111953,5555,DBTEST,1953
111954,5555,DBTEST,1954
111955,5555,DBTEST,1955
111956,5555,DBTEST,1956
111957,5555,DBTEST,1957
111958,5555,DBTEST,1958
111959,5555,DBTEST,1959
111960,5555,DBTEST,1960
111961,5555,DBTEST,1961
111962,5555,DBTEST,1962
111963,5555,DBTEST,1963
111964,5555,DBTEST,1964
111965,5555,DBTEST,1965
111966,5555,DBTEST,1966
111967,5555,DBTEST,1967
111968,5555,DBTEST,1968
111969,5555,DBTEST,1969
111970,5555,DBTEST,1970
111971,5555,DBTEST,1971
111972,5555,DBTEST,1972
111973,5555,DBTEST,1973
111974,5555,DBTEST,1974
111975,5555,DBTEST,1975
111976,5555,DBTEST,1976
111977,5555,DBTEST,1977
111978,5555,DBTEST,1978
111979,5555,DBTEST,1979
111980,5555,DBTEST,1980
111981,5555,DBTEST,1981
111982,5555,DBTEST,1982
111983,5555,DBTEST,1983
111984,5555,DBTEST,1984
111985,5555,DBTEST,1985
111986,5555,DBTEST,1986
111987,5555,DBTEST,1987
111988,5555,DBTEST,1988
111989,5555,DBTEST,1989
111990,5555,DBTEST,1990
111991,5555,DBTEST,1991
111992,5555,DBTEST,1992
111993,5555,DBTEST,1993
111994,5555,DBTEST,1994
111995,5555,DBTEST,1995
111996,5555,DBTEST,1996
111997,5555,DBTEST,1997
111998,5555,DBTEST,1998
111999,5555,DBTEST,1999
112000,5555,DBTEST,2000
112001,5555,DBTEST,2001
112002,5555,DBTEST,2002
112003,5555,DBTEST,2003
112004,5555,DBTEST,2004
112005,5555,DBTEST,2005
112006,5555,DBTEST,2006
112007,5555,DBTEST,2007
112008,5555,DBTEST,2008
112009,5555,DBTEST,2009
112010,5555,DBTEST,2010
112011,5555,DBTEST,2011
112012,5555,DBTEST,2012
112013,5555,DBTEST,2013
112014,5555,DBTEST,2014
112015,5555,DBTEST,2015
112016,5555,DBTEST,2016
112017,5555,DBTEST,2017
112018,5555,DBTEST,2018
112019,5555,DBTEST,2019
112020,5555,DBTEST,2020
112021,5555,DBTEST,2021
112022,5555,DBTEST,2022
112023,5555,DBTEST,2023
112024,5555,DBTEST,2024
112025,5555,DBTEST,2025
112026,5555,DBTEST,2026
112027,5555,DBTEST,2027
112028,5555,DBTEST,2028
112029,5555,DBTEST,2029
112030,5555,DBTEST,2030
112031,5555,DBTEST,2031
112032,5555,DBTEST,2032
112033,5555,DBTEST,2033
112034,5555,DBTEST,2034
112035,5555,DBTEST,2035
112036,5555,DBTEST,2036
112037,5555,DBTEST,2037
112038,5555,DBTEST,2038
112039,5555,DBTEST,2039
112040,5555,DBTEST,2040
112041,5555,DBTEST,2041
112042,5555,DBTEST,2042
112043,5555,DBTEST,2043
112044,5555,DBTEST,2044
112045,5555,DBTEST,2045
112046,5555,DBTEST,2046
112047,5555,DBTEST,2047
112048,5555,DBTEST,2048
112049,5555,DBTEST,2049
112050,5555,DBTEST,2050
112051,5555,DBTEST,2051
112052,5555,DBTEST,2052
112053,5555,DBTEST,2053
112054,5555,DBTEST,2054
112055,5555,DBTEST,2055
112056,5555,DBTEST,2056
112057,5555,DBTEST,2057
112058,5555,DBTEST,2058
112059,5555,DBTEST,2059
112060,5555,DBTEST,2060
112061,5555,DBTEST,2061
112062,5555,DBTEST,2062
112063,5555,DBTEST,2063
112064,5555,DBTEST,2064
112065,5555,DBTEST,2065
112066,5555,DBTEST,2066
112067,5555,DBTEST,2067
112068,5555,DBTEST,2068
112069,5555,DBTEST,2069
112070,5555,DBTEST,2070
112071,5555,DBTEST,2071
112072,5555,DBTEST,2072
112073,5555,DBTEST,2073
112074,5555,DBTEST,2074
112075,5555,DBTEST,2075
112076,5555,DBTEST,2076
112077,5555,DBTEST,2077
112078,5555,DBTEST,2078
112079,5555,DBTEST,2079
112080,5555,DBTEST,2080
112081,5555,DBTEST,2081
112082,5555,DBTEST,2082
112083,5555,DBTEST,2083
112084,5555,DBTEST,2084
112085,5555,DBTEST,2085
112086,5555,DBTEST,2086
112087,5555,DBTEST,2087
112088,5555,DBTEST,2088
112089,5555,DBTEST,2089
112090,5555,DBTEST,2090
112091,5555,DBTEST,2091
112092,5555,DBTEST,2092
112093,5555,DBTEST,2093
112094,5555,DBTEST,2094
112095,5555,DBTEST,2095
112096,5555,DBTEST,2096
112097,5555,DBTEST,2097
112098,5555,DBTEST,2098
112099,5555,DBTEST,2099
112100,5555,DBTEST,2100
112101,5555,DBTEST,2101
112102,5555,DBTEST,2102
112103,5555,DBTEST,2103
112104,5555,DBTEST,2104
112105,5555,DBTEST,2105
112106,5555,DBTEST,2106
112107,5555,DBTEST,2107
112108,5555,DBTEST,2108
112109,5555,DBTEST,2109
112110,5555,DBTEST,2110
112111,5555,DBTEST,2111
112112,5555,DBTEST,2112
112113,5555,DBTEST,2113
112114,5555,DBTEST,2114
112115,5555,DBTEST,2115
112116,5555,DBTEST,2116
112117,5555,DBTEST,2117
112118,5555,DBTEST,2118
112119,5555,DBTEST,2119
112120,5555,DBTEST,2120
112121,5555,DBTEST,2121
112122,5555,DBTEST,2122
112123,5555,DBTEST,2123
112124,5555,DBTEST,2124
112125,5555,DBTEST,2125
112126,5555,DBTEST,2126
112127,5555,DBTEST,2127
112128,5555,DBTEST,2128
112129,5555,DBTEST,2129
112130,5555,DBTEST,2130
112131,5555,DBTEST,2131
112132,5555,DBTEST,2132
112133,5555,DBTEST,2133
112134,5555,DBTEST,2134
112135,5555,DBTEST,2135
112136,5555,DBTEST,2136
112137,5555,DBTEST,2137
112138,5555,DBTEST,2138
112139,5555,DBTEST,2139
112140,5555,DBTEST,2140
112141,5555,DBTEST,2141
112142,5555,DBTEST,2142
112143,5555,DBTEST,2143
112144,5555,DBTEST,2144
112145,5555,DBTEST,2145
112146,5555,DBTEST,2146
112147,5555,DBTEST,2147
112148,5555,DBTEST,2148
112149,5555,DBTEST,2149
112150,5555,DBTEST,2150
112151,5555,DBTEST,2151
112152,5555,DBTEST,2152
112153,5555,DBTEST,2153
112154,5555,DBTEST,2154
112155,5555,DBTEST,2155
112156,5555,DBTEST,2156
112157,5555,DBTEST,2157
112158,5555,DBTEST,2158
112159,5555,DBTEST,2159
112160,5555,DBTEST,2160
112161,5555,DBTEST,2161
112162,5555,DBTEST,2162
112163,5555,DBTEST,2163
112164,5555,DBTEST,2164
112165,5555,DBTEST,2165
112166,5555,DBTEST,2166
112167,5555,DBTEST,2167
112168,5555,DBTEST,2168
112169,5555,DBTEST,2169
112170,5555,DBTEST,2170
112171,5555,DBTEST,2171
112172,5555,DBTEST,2172
112173,5555,DBTEST,2173
112174,5555,DBTEST,2174
112175,5555,DBTEST,2175
112176,5555,DBTEST,2176
112177,5555,DBTEST,2177
112178,5555,DBTEST,2178
112179,5555,DBTEST,2179
112180,5555,DBTEST,2180
112181,5555,DBTEST,2181
112182,5555,DBTEST,2182
112183,5555,DBTEST,2183
112184,5555,DBTEST,2184
112185,5555,DBTEST,2185
112186,5555,DBTEST,2186
112187,5555,DBTEST,2187
112188,5555,DBTEST,2188
112189,5555,DBTEST,2189
112190,5555,DBTEST,2190
112191,5555,DBTEST,2191
112192,5555,DBTEST,2192
112193,5555,DBTEST,2193
112194,5555,DBTEST,2194
112195,5555,DBTEST,2195
112196,5555,DBTEST,2196
112197,5555,DBTEST,2197
112198,5555,DBTEST,2198
112199,5555,DBTEST,2199
112200,5555,DBTEST,2200
112201,5555,DBTEST,2201
112202,5555,DBTEST,2202
112203,5555,DBTEST,2203
112204,5555,DBTEST,2204
112205,5555,DBTEST,2205
112206,5555,DBTEST,2206
112207,5555,DBTEST,2207
112208,5555,DBTEST,2208
112209,5555,DBTEST,2209
112210,5555,DBTEST,2210
112211,5555,DBTEST,2211
112212,5555,DBTEST,2212
112213,5555,DBTEST,2213
112214,5555,DBTEST,2214
112215,5555,DBTEST,2215
112216,5555,DBTEST,2216
112217,5555,DBTEST,2217
112218,5555,DBTEST,2218
112219,5555,DBTEST,2219
112220,5555,DBTEST,2220
112221,5555,DBTEST,2221
112222,5555,DBTEST,2222
112223,5555,DBTEST,2223
112224,5555,DBTEST,2224
112225,5555,DBTEST,2225
112226,5555,DBTEST,2226
112227,5555,DBTEST,2227
112228,5555,DBTEST,2228
112229,5555,DBTEST,2229
112230,5555,DBTEST,2230
112231,5555,DBTEST,2231
112232,5555,DBTEST,2232
112233,5555,DBTEST,2233
112234,5555,DBTEST,2234
112235,5555,DBTEST,2235
112236,5555,DBTEST,2236
112237,5555,DBTEST,2237
112238,5555,DBTEST,2238
112239,5555,DBTEST,2239
112240,5555,DBTEST,2240
112241,5555,DBTEST,2241
112242,5555,DBTEST,2242
112243,5555,DBTEST,2243
112244,5555,DBTEST,2244
112245,5555,DBTEST,2245
112246,5555,DBTEST,2246
112247,5555,DBTEST,2247
112248,5555,DBTEST,2248
112249,5555,DBTEST,2249
112250,5555,DBTEST,2250
112251,5555,DBTEST,2251
112252,5555,DBTEST,2252
112253,5555,DBTEST,2253
112254,5555,DBTEST,2254
112255,5555,DBTEST,2255
112256,5555,DBTEST,2256
112257,5555,DBTEST,2257
112258,5555,DBTEST,2258
112259,5555,DBTEST,2259
112260,5555,DBTEST,2260
112261,5555,DBTEST,2261
112262,5555,DBTEST,2262
112263,5555,DBTEST,2263
112264,5555,DBTEST,2264
112265,5555,DBTEST,2265
112266,5555,DBTEST,2266
112267,5555,DBTEST,2267
112268,5555,DBTEST,2268
112269,5555,DBTEST,2269
112270,5555,DBTEST,2270
112271,5555,DBTEST,2271
112272,5555,DBTEST,2272
112273,5555,DBTEST,2273
112274,5555,DBTEST,2274
112275,5555,DBTEST,2275
112276,5555,DBTEST,2276
112277,5555,DBTEST,2277
112278,5555,DBTEST,2278
112279,5555,DBTEST,2279
112280,5555,DBTEST,2280
112281,5555,DBTEST,2281
112282,5555,DBTEST,2282
112283,5555,DBTEST,2283
112284,5555,DBTEST,2284
112285,5555,DBTEST,2285
112286,5555,DBTEST,2286
112287,5555,DBTEST,2287
112288,5555,DBTEST,2288
112289,5555,DBTEST,2289
112290,5555,DBTEST,2290
112291,5555,DBTEST,2291
112292,5555,DBTEST,2292
112293,5555,DBTEST,2293
112294,5555,DBTEST,2294
112295,5555,DBTEST,2295
112296,5555,DBTEST,2296
112297,5555,DBTEST,2297
112298,5555,DBTEST,2298
112299,5555,DBTEST,2299
112300,5555,DBTEST,2300
112301,5555,DBTEST,2301
112302,5555,DBTEST,2302
112303,5555,DBTEST,2303
112304,5555,DBTEST,2304
112305,5555,DBTEST,2305
112306,5555,DBTEST,2306
112307,5555,DBTEST,2307
112308,5555,DBTEST,2308
112309,5555,DBTEST,2309
112310,5555,DBTEST,2310
112311,5555,DBTEST,2311
112312,5555,DBTEST,2312
112313,5555,DBTEST,2313
112314,5555,DBTEST,2314
112315,5555,DBTEST,2315
112316,5555,DBTEST,2316
112317,5555,DBTEST,2317
112318,5555,DBTEST,2318
112319,5555,DBTEST,2319
112320,5555,DBTEST,2320
112321,5555,DBTEST,2321
112322,5555,DBTEST,2322
112323,5555,DBTEST,2323
112324,5555,DBTEST,2324
112325,5555,DBTEST,2325
112326,5555,DBTEST,2326
112327,5555,DBTEST,2327
112328,5555,DBTEST,2328
112329,5555,DBTEST,2329
112330,5555,DBTEST,2330
112331,5555,DBTEST,2331
112332,5555,DBTEST,2332
112333,5555,DBTEST,2333
112334,5555,DBTEST,2334
112335,5555,DBTEST,2335
112336,5555,DBTEST,2336
112337,5555,DBTEST,2337
112338,5555,DBTEST,2338
112339,5555,DBTEST,2339
112340,5555,DBTEST,2340
112341,5555,DBTEST,2341
112342,5555,DBTEST,2342
112343,5555,DBTEST,2343
112344,5555,DBTEST,2344
112345,5555,DBTEST,2345
112346,5555,DBTEST,2346
112347,5555,DBTEST,2347
112348,5555,DBTEST,2348
112349,5555,DBTEST,2349
112350,5555,DBTEST,2350
112351,5555,DBTEST,2351
112352,5555,DBTEST,2352
112353,5555,DBTEST,2353
112354,5555,DBTEST,2354
112355,5555,DBTEST,2355
112356,5555,DBTEST,2356
112357,5555,DBTEST,2357
112358,5555,DBTEST,2358
112359,5555,DBTEST,2359
112360,5555,DBTEST,2360
112361,5555,DBTEST,2361
112362,5555,DBTEST,2362
112363,5555,DBTEST,2363
112364,5555,DBTEST,2364
112365,5555,DBTEST,2365
112366,5555,DBTEST,2366
112367,5555,DBTEST,2367
112368,5555,DBTEST,2368
112369,5555,DBTEST,2369
112370,5555,DBTEST,2370
112371,5555,DBTEST,2371
112372,5555,DBTEST,2372
112373,5555,DBTEST,2373
112374,5555,DBTEST,2374
112375,5555,DBTEST,2375
112376,5555,DBTEST,2376
112377,5555,DBTEST,2377
112378,5555,DBTEST,2378
112379,5555,DBTEST,2379
112380,5555,DBTEST,2380
112381,5555,DBTEST,2381
112382,5555,DBTEST,2382
112383,5555,DBTEST,2383
112384,5555,DBTEST,2384
112385,5555,DBTEST,2385
112386,5555,DBTEST,2386
112387,5555,DBTEST,2387
112388,5555,DBTEST,2388
112389,5555,DBTEST,2389
112390,5555,DBTEST,2390
112391,5555,DBTEST,2391
112392,5555,DBTEST,2392
112393,5555,DBTEST,2393
112394,5555,DBTEST,2394
112395,5555,DBTEST,2395
112396,5555,DBTEST,2396
112397,5555,DBTEST,2397
112398,5555,DBTEST,2398
112399,5555,DBTEST,2399
112400,5555,DBTEST,2400
112401,5555,DBTEST,2401
112402,5555,DBTEST,2402
112403,5555,DBTEST,2403
112404,5555,DBTEST,2404
112405,5555,DBTEST,2405
112406,5555,DBTEST,2406
112407,5555,DBTEST,2407
112408,5555,DBTEST,2408
112409,5555,DBTEST,2409
112410,5555,DBTEST,2410
112411,5555,DBTEST,2411
112412,5555,DBTEST,2412
112413,5555,DBTEST,2413
112414,5555,DBTEST,2414
112415,5555,DBTEST,2415
112416,5555,DBTEST,2416
112417,5555,DBTEST,2417
112418,5555,DBTEST,2418
112419,5555,DBTEST,2419
112420,5555,DBTEST,2420
112421,5555,DBTEST,2421
112422,5555,DBTEST,2422
112423,5555,DBTEST,2423
112424,5555,DBTEST,2424
112425,5555,DBTEST,2425
112426,5555,DBTEST,2426
112427,5555,DBTEST,2427
112428,5555,DBTEST,2428
112429,5555,DBTEST,2429
112430,5555,DBTEST,2430
112431,5555,DBTEST,2431
112432,5555,DBTEST,2432
112433,5555,DBTEST,2433
112434,5555,DBTEST,2434
112435,5555,DBTEST,2435
112436,5555,DBTEST,2436
112437,5555,DBTEST,2437
112438,5555,DBTEST,2438
112439,5555,DBTEST,2439
112440,5555,DBTEST,2440
112441,5555,DBTEST,2441
112442,5555,DBTEST,2442
112443,5555,DBTEST,2443
112444,5555,DBTEST,2444
112445,5555,DBTEST,2445
112446,5555,DBTEST,2446
112447,5555,DBTEST,2447
112448,5555,DBTEST,2448
112449,5555,DBTEST,2449
112450,5555,DBTEST,2450
112451,5555,DBTEST,2451
112452,5555,DBTEST,2452
112453,5555,DBTEST,2453
112454,5555,DBTEST,2454
112455,5555,DBTEST,2455
112456,5555,DBTEST,2456
112457,5555,DBTEST,2457
112458,5555,DBTEST,2458
112459,5555,DBTEST,2459
112460,5555,DBTEST,2460
112461,5555,DBTEST,2461
112462,5555,DBTEST,2462
112463,5555,DBTEST,2463
112464,5555,DBTEST,2464
112465,5555,DBTEST,2465
112466,5555,DBTEST,2466
112467,5555,DBTEST,2467
112468,5555,DBTEST,2468
112469,5555,DBTEST,2469
112470,5555,DBTEST,2470
112471,5555,DBTEST,2471
112472,5555,DBTEST,2472
112473,5555,DBTEST,2473
112474,5555,DBTEST,2474
112475,5555,DBTEST,2475
112476,5555,DBTEST,2476
112477,5555,DBTEST,2477
112478,5555,DBTEST,2478
112479,5555,DBTEST,2479
112480,5555,DBTEST,2480
112481,5555,DBTEST,2481
112482,5555,DBTEST,2482
112483,5555,DBTEST,2483
112484,5555,DBTEST,2484
112485,5555,DBTEST,2485
112486,5555,DBTEST,2486
112487,5555,DBTEST,2487
112488,5555,DBTEST,2488
112489,5555,DBTEST,2489
112490,5555,DBTEST,2490
112491,5555,DBTEST,2491
112492,5555,DBTEST,2492
112493,5555,DBTEST,2493
112494,5555,DBTEST,2494
112495,5555,DBTEST,2495
112496,5555,DBTEST,2496
112497,5555,DBTEST,2497
112498,5555,DBTEST,2498
112499,5555,DBTEST,2499
112500,5555,DBTEST,2500
112501,5555,DBTEST,2501
112502,5555,DBTEST,2502
112503,5555,DBTEST,2503
112504,5555,DBTEST,2504
112505,5555,DBTEST,2505
112506,5555,DBTEST,2506
112507,5555,DBTEST,2507
112508,5555,DBTEST,2508
112509,5555,DBTEST,2509
112510,5555,DBTEST,2510
112511,5555,DBTEST,2511
112512,5555,DBTEST,2512
112513,5555,DBTEST,2513
112514,5555,DBTEST,2514
112515,5555,DBTEST,2515
112516,5555,DBTEST,2516
112517,5555,DBTEST,2517
112518,5555,DBTEST,2518
112519,5555,DBTEST,2519
112520,5555,DBTEST,2520
112521,5555,DBTEST,2521
112522,5555,DBTEST,2522
112523,5555,DBTEST,2523
112524,5555,DBTEST,2524
112525,5555,DBTEST,2525
112526,5555,DBTEST,2526
112527,5555,DBTEST,2527
112528,5555,DBTEST,2528
112529,5555,DBTEST,2529
112530,5555,DBTEST,2530
112531,5555,DBTEST,2531
112532,5555,DBTEST,2532
112533,5555,DBTEST,2533
112534,5555,DBTEST,2534
112535,5555,DBTEST,2535
112536,5555,DBTEST,2536
112537,5555,DBTEST,2537
112538,5555,DBTEST,2538
112539,5555,DBTEST,2539
112540,5555,DBTEST,2540
112541,5555,DBTEST,2541
112542,5555,DBTEST,2542
112543,5555,DBTEST,2543
112544,5555,DBTEST,2544
112545,5555,DBTEST,2545
112546,5555,DBTEST,2546
112547,5555,DBTEST,2547
112548,5555,DBTEST,2548
112549,5555,DBTEST,2549
112550,5555,DBTEST,2550
112551,5555,DBTEST,2551
112552,5555,DBTEST,2552
112553,5555,DBTEST,2553
112554,5555,DBTEST,2554
112555,5555,DBTEST,2555
112556,5555,DBTEST,2556
112557,5555,DBTEST,2557
112558,5555,DBTEST,2558
112559,5555,DBTEST,2559
112560,5555,DBTEST,2560
112561,5555,DBTEST,2561
112562,5555,DBTEST,2562
112563,5555,DBTEST,2563
112564,5555,DBTEST,2564
112565,5555,DBTEST,2565
112566,5555,DBTEST,2566
112567,5555,DBTEST,2567
112568,5555,DBTEST,2568
112569,5555,DBTEST,2569
112570,5555,DBTEST,2570
112571,5555,DBTEST,2571
112572,5555,DBTEST,2572
112573,5555,DBTEST,2573
112574,5555,DBTEST,2574
112575,5555,DBTEST,2575
112576,5555,DBTEST,2576
112577,5555,DBTEST,2577
112578,5555,DBTEST,2578
112579,5555,DBTEST,2579
112580,5555,DBTEST,2580
112581,5555,DBTEST,2581
112582,5555,DBTEST,2582
112583,5555,DBTEST,2583
112584,5555,DBTEST,2584
112585,5555,DBTEST,2585
112586,5555,DBTEST,2586
112587,5555,DBTEST,2587
112588,5555,DBTEST,2588
112589,5555,DBTEST,2589
112590,5555,DBTEST,2590
112591,5555,DBTEST,2591
112592,5555,DBTEST,2592
112593,5555,DBTEST,2593
112594,5555,DBTEST,2594
112595,5555,DBTEST,2595
112596,5555,DBTEST,2596
112597,5555,DBTEST,2597
112598,5555,DBTEST,2598
112599,5555,DBTEST,2599
112600,5555,DBTEST,2600
112601,5555,DBTEST,2601
112602,5555,DBTEST,2602
112603,5555,DBTEST,2603
112604,5555,DBTEST,2604
112605,5555,DBTEST,2605
112606,5555,DBTEST,2606
112607,5555,DBTEST,2607
112608,5555,DBTEST,2608
112609,5555,DBTEST,2609
112610,5555,DBTEST,2610
112611,5555,DBTEST,2611
112612,5555,DBTEST,2612
112613,5555,DBTEST,2613
112614,5555,DBTEST,2614
112615,5555,DBTEST,2615
112616,5555,DBTEST,2616
112617,5555,DBTEST,2617
112618,5555,DBTEST,2618
112619,5555,DBTEST,2619
112620,5555,DBTEST,2620
112621,5555,DBTEST,2621
112622,5555,DBTEST,2622
112623,5555,DBTEST,2623
112624,5555,DBTEST,2624
112625,5555,DBTEST,2625
112626,5555,DBTEST,2626
112627,5555,DBTEST,2627
112628,5555,DBTEST,2628
112629,5555,DBTEST,2629
112630,5555,DBTEST,2630
112631,5555,DBTEST,2631
112632,5555,DBTEST,2632
112633,5555,DBTEST,2633
112634,5555,DBTEST,2634
112635,5555,DBTEST,2635
112636,5555,DBTEST,2636
112637,5555,DBTEST,2637
112638,5555,DBTEST,2638
112639,5555,DBTEST,2639
112640,5555,DBTEST,2640
112641,5555,DBTEST,2641
112642,5555,DBTEST,2642
112643,5555,DBTEST,2643
112644,5555,DBTEST,2644
112645,5555,DBTEST,2645
112646,5555,DBTEST,2646
112647,5555,DBTEST,2647
112648,5555,DBTEST,2648
112649,5555,DBTEST,2649
112650,5555,DBTEST,2650
112651,5555,DBTEST,2651
112652,5555,DBTEST,2652
112653,5555,DBTEST,2653
112654,5555,DBTEST,2654
112655,5555,DBTEST,2655
112656,5555,DBTEST,2656
112657,5555,DBTEST,2657
112658,5555,DBTEST,2658
112659,5555,DBTEST,2659
112660,5555,DBTEST,2660
112661,5555,DBTEST,2661
112662,5555,DBTEST,2662
112663,5555,DBTEST,2663
112664,5555,DBTEST,2664
112665,5555,DBTEST,2665
112666,5555,DBTEST,2666
112667,5555,DBTEST,2667
112668,5555,DBTEST,2668
112669,5555,DBTEST,2669
112670,5555,DBTEST,2670
112671,5555,DBTEST,2671
112672,5555,DBTEST,2672
112673,5555,DBTEST,2673
112674,5555,DBTEST,2674
112675,5555,DBTEST,2675
112676,5555,DBTEST,2676
112677,5555,DBTEST,2677
112678,5555,DBTEST,2678
112679,5555,DBTEST,2679
112680,5555,DBTEST,2680
112681,5555,DBTEST,2681
112682,5555,DBTEST,2682
112683,5555,DBTEST,2683
112684,5555,DBTEST,2684
112685,5555,DBTEST,2685
112686,5555,DBTEST,2686
112687,5555,DBTEST,2687
112688,5555,DBTEST,2688
112689,5555,DBTEST,2689
112690,5555,DBTEST,2690
112691,5555,DBTEST,2691
112692,5555,DBTEST,2692
112693,5555,DBTEST,2693
112694,5555,DBTEST,2694
112695,5555,DBTEST,2695
112696,5555,DBTEST,2696
112697,5555,DBTEST,2697
112698,5555,DBTEST,2698
112699,5555,DBTEST,2699
112700,5555,DBTEST,2700
112701,5555,DBTEST,2701
112702,5555,DBTEST,2702
112703,5555,DBTEST,2703
112704,5555,DBTEST,2704
112705,5555,DBTEST,2705
112706,5555,DBTEST,2706
112707,5555,DBTEST,2707
112708,5555,DBTEST,2708
112709,5555,DBTEST,2709
112710,5555,DBTEST,2710
112711,5555,DBTEST,2711
112712,5555,DBTEST,2712
112713,5555,DBTEST,2713
112714,5555,DBTEST,2714
112715,5555,DBTEST,2715
112716,5555,DBTEST,2716
112717,5555,DBTEST,2717
112718,5555,DBTEST,2718
112719,5555,DBTEST,2719
112720,5555,DBTEST,2720
112721,5555,DBTEST,2721
112722,5555,DBTEST,2722
112723,5555,DBTEST,2723
112724,5555,DBTEST,2724
112725,5555,DBTEST,2725
112726,5555,DBTEST,2726
112727,5555,DBTEST,2727
112728,5555,DBTEST,2728
112729,5555,DBTEST,2729
112730,5555,DBTEST,2730
112731,5555,DBTEST,2731
112732,5555,DBTEST,2732
112733,5555,DBTEST,2733
112734,5555,DBTEST,2734
112735,5555,DBTEST,2735
112736,5555,DBTEST,2736
112737,5555,DBTEST,2737
112738,5555,DBTEST,2738
112739,5555,DBTEST,2739
112740,5555,DBTEST,2740
112741,5555,DBTEST,2741
112742,5555,DBTEST,2742
112743,5555,DBTEST,2743
112744,5555,DBTEST,2744
112745,5555,DBTEST,2745
112746,5555,DBTEST,2746
112747,5555,DBTEST,2747
112748,5555,DBTEST,2748
112749,5555,DBTEST,2749
112750,5555,DBTEST,2750
112751,5555,DBTEST,2751
112752,5555,DBTEST,2752
112753,5555,DBTEST,2753
112754,5555,DBTEST,2754
112755,5555,DBTEST,2755
112756,5555,DBTEST,2756
112757,5555,DBTEST,2757
112758,5555,DBTEST,2758
112759,5555,DBTEST,2759
112760,5555,DBTEST,2760
112761,5555,DBTEST,2761
112762,5555,DBTEST,2762
112763,5555,DBTEST,2763
112764,5555,DBTEST,2764
112765,5555,DBTEST,2765
112766,5555,DBTEST,2766
112767,5555,DBTEST,2767
112768,5555,DBTEST,2768
112769,5555,DBTEST,2769
112770,5555,DBTEST,2770
112771,5555,DBTEST,2771
112772,5555,DBTEST,2772
112773,5555,DBTEST,2773
112774,5555,DBTEST,2774
112775,5555,DBTEST,2775
112776,5555,DBTEST,2776
112777,5555,DBTEST,2777
112778,5555,DBTEST,2778
112779,5555,DBTEST,2779
112780,5555,DBTEST,2780
112781,5555,DBTEST,2781
112782,5555,DBTEST,2782
112783,5555,DBTEST,2783
112784,5555,DBTEST,2784
112785,5555,DBTEST,2785
112786,5555,DBTEST,2786
112787,5555,DBTEST,2787
112788,5555,DBTEST,2788
112789,5555,DBTEST,2789
112790,5555,DBTEST,2790
112791,5555,DBTEST,2791
112792,5555,DBTEST,2792
112793,5555,DBTEST,2793
112794,5555,DBTEST,2794
112795,5555,DBTEST,2795
112796,5555,DBTEST,2796
112797,5555,DBTEST,2797
112798,5555,DBTEST,2798
112799,5555,DBTEST,2799
112800,5555,DBTEST,2800
112801,5555,DBTEST,2801
112802,5555,DBTEST,2802
112803,5555,DBTEST,2803
112804,5555,DBTEST,2804
112805,5555,DBTEST,2805
112806,5555,DBTEST,2806
112807,5555,DBTEST,2807
112808,5555,DBTEST,2808
112809,5555,DBTEST,2809
112810,5555,DBTEST,2810
112811,5555,DBTEST,2811
112812,5555,DBTEST,2812
112813,5555,DBTEST,2813
112814,5555,DBTEST,2814
112815,5555,DBTEST,2815
112816,5555,DBTEST,2816
112817,5555,DBTEST,2817
112818,5555,DBTEST,2818
112819,5555,DBTEST,2819
112820,5555,DBTEST,2820
112821,5555,DBTEST,2821
112822,5555,DBTEST,2822
112823,5555,DBTEST,2823
112824,5555,DBTEST,2824
112825,5555,DBTEST,2825
112826,5555,DBTEST,2826
112827,5555,DBTEST,2827
112828,5555,DBTEST,2828
112829,5555,DBTEST,2829
112830,5555,DBTEST,2830
112831,5555,DBTEST,2831
112832,5555,DBTEST,2832
112833,5555,DBTEST,2833
112834,5555,DBTEST,2834
112835,5555,DBTEST,2835
112836,5555,DBTEST,2836
112837,5555,DBTEST,2837
112838,5555,DBTEST,2838
112839,5555,DBTEST,2839
112840,5555,DBTEST,2840
112841,5555,DBTEST,2841
112842,5555,DBTEST,2842
112843,5555,DBTEST,2843
112844,5555,DBTEST,2844
112845,5555,DBTEST,2845
112846,5555,DBTEST,2846
112847,5555,DBTEST,2847
112848,5555,DBTEST,2848
112849,5555,DBTEST,2849
112850,5555,DBTEST,2850
112851,5555,DBTEST,2851
112852,5555,DBTEST,2852
112853,5555,DBTEST,2853
112854,5555,DBTEST,2854
112855,5555,DBTEST,2855
112856,5555,DBTEST,2856
112857,5555,DBTEST,2857
112858,5555,DBTEST,2858
112859,5555,DBTEST,2859
112860,5555,DBTEST,2860
112861,5555,DBTEST,2861
112862,5555,DBTEST,2862
112863,5555,DBTEST,2863
112864,5555,DBTEST,2864
112865,5555,DBTEST,2865
112866,5555,DBTEST,2866
112867,5555,DBTEST,2867
112868,5555,DBTEST,2868
112869,5555,DBTEST,2869
112870,5555,DBTEST,2870
112871,5555,DBTEST,2871
112872,5555,DBTEST,2872
112873,5555,DBTEST,2873
112874,5555,DBTEST,2874
112875,5555,DBTEST,2875
112876,5555,DBTEST,2876
112877,5555,DBTEST,2877
112878,5555,DBTEST,2878
112879,5555,DBTEST,2879
112880,5555,DBTEST,2880
112881,5555,DBTEST,2881
112882,5555,DBTEST,2882
112883,5555,DBTEST,2883
112884,5555,DBTEST,2884
112885,5555,DBTEST,2885
112886,5555,DBTEST,2886
112887,5555,DBTEST,2887
112888,5555,DBTEST,2888
112889,5555,DBTEST,2889
112890,5555,DBTEST,2890
112891,5555,DBTEST,2891
112892,5555,DBTEST,2892
112893,5555,DBTEST,2893
112894,5555,DBTEST,2894
112895,5555,DBTEST,2895
112896,5555,DBTEST,2896
112897,5555,DBTEST,2897
112898,5555,DBTEST,2898
112899,5555,DBTEST,2899
112900,5555,DBTEST,2900
112901,5555,DBTEST,2901
112902,5555,DBTEST,2902
112903,5555,DBTEST,2903
112904,5555,DBTEST,2904
112905,5555,DBTEST,2905
112906,5555,DBTEST,2906
112907,5555,DBTEST,2907
112908,5555,DBTEST,2908
112909,5555,DBTEST,2909
112910,5555,DBTEST,2910
112911,5555,DBTEST,2911
112912,5555,DBTEST,2912
112913,5555,DBTEST,2913
112914,5555,DBTEST,2914
112915,5555,DBTEST,2915
112916,5555,DBTEST,2916
112917,5555,DBTEST,2917
112918,5555,DBTEST,2918
112919,5555,DBTEST,2919
112920,5555,DBTEST,2920
112921,5555,DBTEST,2921
112922,5555,DBTEST,2922
112923,5555,DBTEST,2923
112924,5555,DBTEST,2924
112925,5555,DBTEST,2925
112926,5555,DBTEST,2926
112927,5555,DBTEST,2927
112928,5555,DBTEST,2928
112929,5555,DBTEST,2929
112930,5555,DBTEST,2930
112931,5555,DBTEST,2931
112932,5555,DBTEST,2932
112933,5555,DBTEST,2933
112934,5555,DBTEST,2934
112935,5555,DBTEST,2935
112936,5555,DBTEST,2936
112937,5555,DBTEST,2937
112938,5555,DBTEST,2938
112939,5555,DBTEST,2939
112940,5555,DBTEST,2940
112941,5555,DBTEST,2941
112942,5555,DBTEST,2942
112943,5555,DBTEST,2943
112944,5555,DBTEST,2944
112945,5555,DBTEST,2945
112946,5555,DBTEST,2946
112947,5555,DBTEST,2947
112948,5555,DBTEST,2948
112949,5555,DBTEST,2949
112950,5555,DBTEST,2950
112951,5555,DBTEST,2951
112952,5555,DBTEST,2952
112953,5555,DBTEST,2953
112954,5555,DBTEST,2954
112955,5555,DBTEST,2955
112956,5555,DBTEST,2956
112957,5555,DBTEST,2957
112958,5555,DBTEST,2958
112959,5555,DBTEST,2959
112960,5555,DBTEST,2960
112961,5555,DBTEST,2961
112962,5555,DBTEST,2962
112963,5555,DBTEST,2963
112964,5555,DBTEST,2964
112965,5555,DBTEST,2965
112966,5555,DBTEST,2966
112967,5555,DBTEST,2967
112968,5555,DBTEST,2968
112969,5555,DBTEST,2969
112970,5555,DBTEST,2970
112971,5555,DBTEST,2971
112972,5555,DBTEST,2972
112973,5555,DBTEST,2973
112974,5555,DBTEST,2974
112975,5555,DBTEST,2975
112976,5555,DBTEST,2976
112977,5555,DBTEST,2977
112978,5555,DBTEST,2978
112979,5555,DBTEST,2979
112980,5555,DBTEST,2980
112981,5555,DBTEST,2981
112982,5555,DBTEST,2982
112983,5555,DBTEST,2983
112984,5555,DBTEST,2984
112985,5555,DBTEST,2985
112986,5555,DBTEST,2986
112987,5555,DBTEST,2987
112988,5555,DBTEST,2988
112989,5555,DBTEST,2989
112990,5555,DBTEST,2990
112991,5555,DBTEST,2991
112992,5555,DBTEST,2992
112993,5555,DBTEST,2993
112994,5555,DBTEST,2994
112995,5555,DBTEST,2995
112996,5555,DBTEST,2996
112997,5555,DBTEST,2997
112998,5555,DBTEST,2998
112999,5555,DBTEST,2999
113000,5555,DBTEST,3000
113001,5555,DBTEST,3001
113002,5555,DBTEST,3002
113003,5555,DBTEST,3003
113004,5555,DBTEST,3004
113005,5555,DBTEST,3005
113006,5555,DBTEST,3006
113007,5555,DBTEST,3007
113008,5555,DBTEST,3008
113009,5555,DBTEST,3009
113010,5555,DBTEST,3010
113011,5555,DBTEST,3011
113012,5555,DBTEST,3012
113013,5555,DBTEST,3013
113014,5555,DBTEST,3014
113015,5555,DBTEST,3015
113016,5555,DBTEST,3016
113017,5555,DBTEST,3017
113018,5555,DBTEST,3018
113019,5555,DBTEST,3019
113020,5555,DBTEST,3020
113021,5555,DBTEST,3021
113022,5555,DBTEST,3022
113023,5555,DBTEST,3023
113024,5555,DBTEST,3024
113025,5555,DBTEST,3025
113026,5555,DBTEST,3026
113027,5555,DBTEST,3027
113028,5555,DBTEST,3028
113029,5555,DBTEST,3029
113030,5555,DBTEST,3030
113031,5555,DBTEST,3031
113032,5555,DBTEST,3032
113033,5555,DBTEST,3033
113034,5555,DBTEST,3034
113035,5555,DBTEST,3035
113036,5555,DBTEST,3036
113037,5555,DBTEST,3037
113038,5555,DBTEST,3038
113039,5555,DBTEST,3039
113040,5555,DBTEST,3040
113041,5555,DBTEST,3041
113042,5555,DBTEST,3042
113043,5555,DBTEST,3043
113044,5555,DBTEST,3044
113045,5555,DBTEST,3045
113046,5555,DBTEST,3046
113047,5555,DBTEST,3047
113048,5555,DBTEST,3048
113049,5555,DBTEST,3049
113050,5555,DBTEST,3050
113051,5555,DBTEST,3051
113052,5555,DBTEST,3052
113053,5555,DBTEST,3053
113054,5555,DBTEST,3054
113055,5555,DBTEST,3055
113056,5555,DBTEST,3056
113057,5555,DBTEST,3057
113058,5555,DBTEST,3058
113059,5555,DBTEST,3059
113060,5555,DBTEST,3060
113061,5555,DBTEST,3061
113062,5555,DBTEST,3062
113063,5555,DBTEST,3063
113064,5555,DBTEST,3064
113065,5555,DBTEST,3065
113066,5555,DBTEST,3066
113067,5555,DBTEST,3067
113068,5555,DBTEST,3068
113069,5555,DBTEST,3069
113070,5555,DBTEST,3070
113071,5555,DBTEST,3071
113072,5555,DBTEST,3072
113073,5555,DBTEST,3073
113074,5555,DBTEST,3074
113075,5555,DBTEST,3075
113076,5555,DBTEST,3076
113077,5555,DBTEST,3077
113078,5555,DBTEST,3078
113079,5555,DBTEST,3079
113080,5555,DBTEST,3080
113081,5555,DBTEST,3081
113082,5555,DBTEST,3082
113083,5555,DBTEST,3083
113084,5555,DBTEST,3084
113085,5555,DBTEST,3085
113086,5555,DBTEST,3086
113087,5555,DBTEST,3087
113088,5555,DBTEST,3088
113089,5555,DBTEST,3089
113090,5555,DBTEST,3090
113091,5555,DBTEST,3091
113092,5555,DBTEST,3092
113093,5555,DBTEST,3093
113094,5555,DBTEST,3094
113095,5555,DBTEST,3095
113096,5555,DBTEST,3096
113097,5555,DBTEST,3097
113098,5555,DBTEST,3098
113099,5555,DBTEST,3099
113100,5555,DBTEST,3100
113101,5555,DBTEST,3101
113102,5555,DBTEST,3102
113103,5555,DBTEST,3103
113104,5555,DBTEST,3104
113105,5555,DBTEST,3105
113106,5555,DBTEST,3106
113107,5555,DBTEST,3107
113108,5555,DBTEST,3108
113109,5555,DBTEST,3109
113110,5555,DBTEST,3110
113111,5555,DBTEST,3111
113112,5555,DBTEST,3112
113113,5555,DBTEST,3113
113114,5555,DBTEST,3114
113115,5555,DBTEST,3115
113116,5555,DBTEST,3116
113117,5555,DBTEST,3117
113118,5555,DBTEST,3118
113119,5555,DBTEST,3119
113120,5555,DBTEST,3120
113121,5555,DBTEST,3121
113122,5555,DBTEST,3122
113123,5555,DBTEST,3123
113124,5555,DBTEST,3124
113125,5555,DBTEST,3125
113126,5555,DBTEST,3126
113127,5555,DBTEST,3127
113128,5555,DBTEST,3128
113129,5555,DBTEST,3129
113130,5555,DBTEST,3130
113131,5555,DBTEST,3131
113132,5555,DBTEST,3132
113133,5555,DBTEST,3133
113134,5555,DBTEST,3134
113135,5555,DBTEST,3135
113136,5555,DBTEST,3136
113137,5555,DBTEST,3137
113138,5555,DBTEST,3138
113139,5555,DBTEST,3139
113140,5555,DBTEST,3140
113141,5555,DBTEST,3141
113142,5555,DBTEST,3142
113143,5555,DBTEST,3143
113144,5555,DBTEST,3144
113145,5555,DBTEST,3145
113146,5555,DBTEST,3146
113147,5555,DBTEST,3147
113148,5555,DBTEST,3148
113149,5555,DBTEST,3149
113150,5555,DBTEST,3150
113151,5555,DBTEST,3151
113152,5555,DBTEST,3152
113153,5555,DBTEST,3153
113154,5555,DBTEST,3154
113155,5555,DBTEST,3155
113156,5555,DBTEST,3156
113157,5555,DBTEST,3157
113158,5555,DBTEST,3158
113159,5555,DBTEST,3159
113160,5555,DBTEST,3160
113161,5555,DBTEST,3161
113162,5555,DBTEST,3162
113163,5555,DBTEST,3163
113164,5555,DBTEST,3164
113165,5555,DBTEST,3165
113166,5555,DBTEST,3166
113167,5555,DBTEST,3167
113168,5555,DBTEST,3168
113169,5555,DBTEST,3169
113170,5555,DBTEST,3170
113171,5555,DBTEST,3171
113172,5555,DBTEST,3172
113173,5555,DBTEST,3173
113174,5555,DBTEST,3174
113175,5555,DBTEST,3175
113176,5555,DBTEST,3176
113177,5555,DBTEST,3177
113178,5555,DBTEST,3178
113179,5555,DBTEST,3179
113180,5555,DBTEST,3180
113181,5555,DBTEST,3181
113182,5555,DBTEST,3182
113183,5555,DBTEST,3183
113184,5555,DBTEST,3184
113185,5555,DBTEST,3185
113186,5555,DBTEST,3186
113187,5555,DBTEST,3187
113188,5555,DBTEST,3188
113189,5555,DBTEST,3189
113190,5555,DBTEST,3190
113191,5555,DBTEST,3191
113192,5555,DBTEST,3192
113193,5555,DBTEST,3193
113194,5555,DBTEST,3194
113195,5555,DBTEST,3195
113196,5555,DBTEST,3196
113197,5555,DBTEST,3197
113198,5555,DBTEST,3198
113199,5555,DBTEST,3199
113200,5555,DBTEST,3200
113201,5555,DBTEST,3201
113202,5555,DBTEST,3202
113203,5555,DBTEST,3203
113204,5555,DBTEST,3204
113205,5555,DBTEST,3205
113206,5555,DBTEST,3206
113207,5555,DBTEST,3207
113208,5555,DBTEST,3208
113209,5555,DBTEST,3209
113210,5555,DBTEST,3210
113211,5555,DBTEST,3211
113212,5555,DBTEST,3212
113213,5555,DBTEST,3213
113214,5555,DBTEST,3214
113215,5555,DBTEST,3215
113216,5555,DBTEST,3216
113217,5555,DBTEST,3217
113218,5555,DBTEST,3218
113219,5555,DBTEST,3219
113220,5555,DBTEST,3220
113221,5555,DBTEST,3221
113222,5555,DBTEST,3222
113223,5555,DBTEST,3223
113224,5555,DBTEST,3224
113225,5555,DBTEST,3225
113226,5555,DBTEST,3226
113227,5555,DBTEST,3227
113228,5555,DBTEST,3228
113229,5555,DBTEST,3229
113230,5555,DBTEST,3230
113231,5555,DBTEST,3231
113232,5555,DBTEST,3232
113233,5555,DBTEST,3233
113234,5555,DBTEST,3234
113235,5555,DBTEST,3235
113236,5555,DBTEST,3236
113237,5555,DBTEST,3237
113238,5555,DBTEST,3238
113239,5555,DBTEST,3239
113240,5555,DBTEST,3240
113241,5555,DBTEST,3241
113242,5555,DBTEST,3242
113243,5555,DBTEST,3243
113244,5555,DBTEST,3244
113245,5555,DBTEST,3245
113246,5555,DBTEST,3246
113247,5555,DBTEST,3247
113248,5555,DBTEST,3248
113249,5555,DBTEST,3249
113250,5555,DBTEST,3250
113251,5555,DBTEST,3251
113252,5555,DBTEST,3252
113253,5555,DBTEST,3253
113254,5555,DBTEST,3254
113255,5555,DBTEST,3255
113256,5555,DBTEST,3256
113257,5555,DBTEST,3257
113258,5555,DBTEST,3258
113259,5555,DBTEST,3259
113260,5555,DBTEST,3260
113261,5555,DBTEST,3261
113262,5555,DBTEST,3262
113263,5555,DBTEST,3263
113264,5555,DBTEST,3264
113265,5555,DBTEST,3265
113266,5555,DBTEST,3266
113267,5555,DBTEST,3267
113268,5555,DBTEST,3268
113269,5555,DBTEST,3269
113270,5555,DBTEST,3270
113271,5555,DBTEST,3271
113272,5555,DBTEST,3272
113273,5555,DBTEST,3273
113274,5555,DBTEST,3274
113275,5555,DBTEST,3275
113276,5555,DBTEST,3276
113277,5555,DBTEST,3277
113278,5555,DBTEST,3278
113279,5555,DBTEST,3279
113280,5555,DBTEST,3280
113281,5555,DBTEST,3281
113282,5555,DBTEST,3282
113283,5555,DBTEST,3283
113284,5555,DBTEST,3284
113285,5555,DBTEST,3285
113286,5555,DBTEST,3286
113287,5555,DBTEST,3287
113288,5555,DBTEST,3288
113289,5555,DBTEST,3289
113290,5555,DBTEST,3290
113291,5555,DBTEST,3291
113292,5555,DBTEST,3292
113293,5555,DBTEST,3293
113294,5555,DBTEST,3294
113295,5555,DBTEST,3295
113296,5555,DBTEST,3296
113297,5555,DBTEST,3297
113298,5555,DBTEST,3298
113299,5555,DBTEST,3299
113300,5555,DBTEST,3300
113301,5555,DBTEST,3301
113302,5555,DBTEST,3302
113303,5555,DBTEST,3303
113304,5555,DBTEST,3304
113305,5555,DBTEST,3305
113306,5555,DBTEST,3306
113307,5555,DBTEST,3307
113308,5555,DBTEST,3308
113309,5555,DBTEST,3309
113310,5555,DBTEST,3310
113311,5555,DBTEST,3311
113312,5555,DBTEST,3312
113313,5555,DBTEST,3313
113314,5555,DBTEST,3314
113315,5555,DBTEST,3315
113316,5555,DBTEST,3316
113317,5555,DBTEST,3317
113318,5555,DBTEST,3318
113319,5555,DBTEST,3319
113320,5555,DBTEST,3320
113321,5555,DBTEST,3321
113322,5555,DBTEST,3322
113323,5555,DBTEST,3323
113324,5555,DBTEST,3324
113325,5555,DBTEST,3325
113326,5555,DBTEST,3326
113327,5555,DBTEST,3327
113328,5555,DBTEST,3328
113329,5555,DBTEST,3329
113330,5555,DBTEST,3330
113331,5555,DBTEST,3331
113332,5555,DBTEST,3332
113333,5555,DBTEST,3333
113334,5555,DBTEST,3334
113335,5555,DBTEST,3335
113336,5555,DBTEST,3336
113337,5555,DBTEST,3337
113338,5555,DBTEST,3338
113339,5555,DBTEST,3339
113340,5555,DBTEST,3340
113341,5555,DBTEST,3341
113342,5555,DBTEST,3342
113343,5555,DBTEST,3343
113344,5555,DBTEST,3344
113345,5555,DBTEST,3345
113346,5555,DBTEST,3346
113347,5555,DBTEST,3347
113348,5555,DBTEST,3348
113349,5555,DBTEST,3349
113350,5555,DBTEST,3350
113351,5555,DBTEST,3351
113352,5555,DBTEST,3352
113353,5555,DBTEST,3353
113354,5555,DBTEST,3354
113355,5555,DBTEST,3355
113356,5555,DBTEST,3356
113357,5555,DBTEST,3357
113358,5555,DBTEST,3358
113359,5555,DBTEST,3359
113360,5555,DBTEST,3360
113361,5555,DBTEST,3361
113362,5555,DBTEST,3362
113363,5555,DBTEST,3363
113364,5555,DBTEST,3364
113365,5555,DBTEST,3365
113366,5555,DBTEST,3366
113367,5555,DBTEST,3367
113368,5555,DBTEST,3368
113369,5555,DBTEST,3369
113370,5555,DBTEST,3370
113371,5555,DBTEST,3371
113372,5555,DBTEST,3372
113373,5555,DBTEST,3373
113374,5555,DBTEST,3374
113375,5555,DBTEST,3375
113376,5555,DBTEST,3376
113377,5555,DBTEST,3377
113378,5555,DBTEST,3378
113379,5555,DBTEST,3379
113380,5555,DBTEST,3380
113381,5555,DBTEST,3381
113382,5555,DBTEST,3382
113383,5555,DBTEST,3383
113384,5555,DBTEST,3384
113385,5555,DBTEST,3385
113386,5555,DBTEST,3386
113387,5555,DBTEST,3387
113388,5555,DBTEST,3388
113389,5555,DBTEST,3389
113390,5555,DBTEST,3390
113391,5555,DBTEST,3391
113392,5555,DBTEST,3392
113393,5555,DBTEST,3393
113394,5555,DBTEST,3394
113395,5555,DBTEST,3395
113396,5555,DBTEST,3396
113397,5555,DBTEST,3397
113398,5555,DBTEST,3398
113399,5555,DBTEST,3399
113400,5555,DBTEST,3400
113401,5555,DBTEST,3401
113402,5555,DBTEST,3402
113403,5555,DBTEST,3403
113404,5555,DBTEST,3404
113405,5555,DBTEST,3405
113406,5555,DBTEST,3406
113407,5555,DBTEST,3407
113408,5555,DBTEST,3408
113409,5555,DBTEST,3409
113410,5555,DBTEST,3410
113411,5555,DBTEST,3411
113412,5555,DBTEST,3412
113413,5555,DBTEST,3413
113414,5555,DBTEST,3414
113415,5555,DBTEST,3415
113416,5555,DBTEST,3416
113417,5555,DBTEST,3417
113418,5555,DBTEST,3418
113419,5555,DBTEST,3419
113420,5555,DBTEST,3420
113421,5555,DBTEST,3421
113422,5555,DBTEST,3422
113423,5555,DBTEST,3423
113424,5555,DBTEST,3424
113425,5555,DBTEST,3425
113426,5555,DBTEST,3426
113427,5555,DBTEST,3427
113428,5555,DBTEST,3428
113429,5555,DBTEST,3429
113430,5555,DBTEST,3430
113431,5555,DBTEST,3431
113432,5555,DBTEST,3432
113433,5555,DBTEST,3433
113434,5555,DBTEST,3434
113435,5555,DBTEST,3435
113436,5555,DBTEST,3436
113437,5555,DBTEST,3437
113438,5555,DBTEST,3438
113439,5555,DBTEST,3439
113440,5555,DBTEST,3440
113441,5555,DBTEST,3441
113442,5555,DBTEST,3442
113443,5555,DBTEST,3443
113444,5555,DBTEST,3444
113445,5555,DBTEST,3445
113446,5555,DBTEST,3446
113447,5555,DBTEST,3447
113448,5555,DBTEST,3448
113449,5555,DBTEST,3449
113450,5555,DBTEST,3450
113451,5555,DBTEST,3451
113452,5555,DBTEST,3452
113453,5555,DBTEST,3453
113454,5555,DBTEST,3454
113455,5555,DBTEST,3455
113456,5555,DBTEST,3456
113457,5555,DBTEST,3457
113458,5555,DBTEST,3458
113459,5555,DBTEST,3459
113460,5555,DBTEST,3460
113461,5555,DBTEST,3461
113462,5555,DBTEST,3462
113463,5555,DBTEST,3463
113464,5555,DBTEST,3464
113465,5555,DBTEST,3465
113466,5555,DBTEST,3466
113467,5555,DBTEST,3467
113468,5555,DBTEST,3468
113469,5555,DBTEST,3469
113470,5555,DBTEST,3470
113471,5555,DBTEST,3471
113472,5555,DBTEST,3472
113473,5555,DBTEST,3473
113474,5555,DBTEST,3474
113475,5555,DBTEST,3475
113476,5555,DBTEST,3476
113477,5555,DBTEST,3477
113478,5555,DBTEST,3478
113479,5555,DBTEST,3479
113480,5555,DBTEST,3480
113481,5555,DBTEST,3481
113482,5555,DBTEST,3482
113483,5555,DBTEST,3483
113484,5555,DBTEST,3484
113485,5555,DBTEST,3485
113486,5555,DBTEST,3486
113487,5555,DBTEST,3487
113488,5555,DBTEST,3488
113489,5555,DBTEST,3489
113490,5555,DBTEST,3490
113491,5555,DBTEST,3491
113492,5555,DBTEST,3492
113493,5555,DBTEST,3493
113494,5555,DBTEST,3494
113495,5555,DBTEST,3495
113496,5555,DBTEST,3496
113497,5555,DBTEST,3497
113498,5555,DBTEST,3498
113499,5555,DBTEST,3499
113500,5555,DBTEST,3500
113501,5555,DBTEST,3501
113502,5555,DBTEST,3502
113503,5555,DBTEST,3503
113504,5555,DBTEST,3504
113505,5555,DBTEST,3505
113506,5555,DBTEST,3506
113507,5555,DBTEST,3507
113508,5555,DBTEST,3508
113509,5555,DBTEST,3509
113510,5555,DBTEST,3510
113511,5555,DBTEST,3511
113512,5555,DBTEST,3512
113513,5555,DBTEST,3513
113514,5555,DBTEST,3514
113515,5555,DBTEST,3515
113516,5555,DBTEST,3516
113517,5555,DBTEST,3517
113518,5555,DBTEST,3518
113519,5555,DBTEST,3519
113520,5555,DBTEST,3520
113521,5555,DBTEST,3521
113522,5555,DBTEST,3522
113523,5555,DBTEST,3523
113524,5555,DBTEST,3524
113525,5555,DBTEST,3525
113526,5555,DBTEST,3526
113527,5555,DBTEST,3527
113528,5555,DBTEST,3528
113529,5555,DBTEST,3529
113530,5555,DBTEST,3530
113531,5555,DBTEST,3531
113532,5555,DBTEST,3532
113533,5555,DBTEST,3533
113534,5555,DBTEST,3534
113535,5555,DBTEST,3535
113536,5555,DBTEST,3536
113537,5555,DBTEST,3537
113538,5555,DBTEST,3538
113539,5555,DBTEST,3539
113540,5555,DBTEST,3540
113541,5555,DBTEST,3541
113542,5555,DBTEST,3542
113543,5555,DBTEST,3543
113544,5555,DBTEST,3544
113545,5555,DBTEST,3545
113546,5555,DBTEST,3546
113547,5555,DBTEST,3547
113548,5555,DBTEST,3548
113549,5555,DBTEST,3549
113550,5555,DBTEST,3550
113551,5555,DBTEST,3551
113552,5555,DBTEST,3552
113553,5555,DBTEST,3553
113554,5555,DBTEST,3554
113555,5555,DBTEST,3555
113556,5555,DBTEST,3556
113557,5555,DBTEST,3557
113558,5555,DBTEST,3558
113559,5555,DBTEST,3559
113560,5555,DBTEST,3560
113561,5555,DBTEST,3561
113562,5555,DBTEST,3562
113563,5555,DBTEST,3563
113564,5555,DBTEST,3564
113565,5555,DBTEST,3565
113566,5555,DBTEST,3566
113567,5555,DBTEST,3567
113568,5555,DBTEST,3568
113569,5555,DBTEST,3569
113570,5555,DBTEST,3570
113571,5555,DBTEST,3571
113572,5555,DBTEST,3572
113573,5555,DBTEST,3573
113574,5555,DBTEST,3574
113575,5555,DBTEST,3575
113576,5555,DBTEST,3576
113577,5555,DBTEST,3577
113578,5555,DBTEST,3578
113579,5555,DBTEST,3579
113580,5555,DBTEST,3580
113581,5555,DBTEST,3581
113582,5555,DBTEST,3582
113583,5555,DBTEST,3583
113584,5555,DBTEST,3584
113585,5555,DBTEST,3585
113586,5555,DBTEST,3586
113587,5555,DBTEST,3587
113588,5555,DBTEST,3588
113589,5555,DBTEST,3589
113590,5555,DBTEST,3590
113591,5555,DBTEST,3591
113592,5555,DBTEST,3592
113593,5555,DBTEST,3593
113594,5555,DBTEST,3594
113595,5555,DBTEST,3595
113596,5555,DBTEST,3596
113597,5555,DBTEST,3597
113598,5555,DBTEST,3598
113599,5555,DBTEST,3599
113600,5555,DBTEST,3600
113601,5555,DBTEST,3601
113602,5555,DBTEST,3602
113603,5555,DBTEST,3603
113604,5555,DBTEST,3604
113605,5555,DBTEST,3605
113606,5555,DBTEST,3606
113607,5555,DBTEST,3607
113608,5555,DBTEST,3608
113609,5555,DBTEST,3609
113610,5555,DBTEST,3610
113611,5555,DBTEST,3611
113612,5555,DBTEST,3612
113613,5555,DBTEST,3613
113614,5555,DBTEST,3614
113615,5555,DBTEST,3615
113616,5555,DBTEST,3616
113617,5555,DBTEST,3617
113618,5555,DBTEST,3618
113619,5555,DBTEST,3619
113620,5555,DBTEST,3620
113621,5555,DBTEST,3621
113622,5555,DBTEST,3622
113623,5555,DBTEST,3623
113624,5555,DBTEST,3624
113625,5555,DBTEST,3625
113626,5555,DBTEST,3626
113627,5555,DBTEST,3627
113628,5555,DBTEST,3628
113629,5555,DBTEST,3629
113630,5555,DBTEST,3630
113631,5555,DBTEST,3631
113632,5555,DBTEST,3632
113633,5555,DBTEST,3633
113634,5555,DBTEST,3634
113635,5555,DBTEST,3635
113636,5555,DBTEST,3636
113637,5555,DBTEST,3637
113638,5555,DBTEST,3638
113639,5555,DBTEST,3639
113640,5555,DBTEST,3640
113641,5555,DBTEST,3641
113642,5555,DBTEST,3642
113643,5555,DBTEST,3643
113644,5555,DBTEST,3644
113645,5555,DBTEST,3645
113646,5555,DBTEST,3646
113647,5555,DBTEST,3647
113648,5555,DBTEST,3648
113649,5555,DBTEST,3649
113650,5555,DBTEST,3650
113651,5555,DBTEST,3651
113652,5555,DBTEST,3652
113653,5555,DBTEST,3653
113654,5555,DBTEST,3654
113655,5555,DBTEST,3655
113656,5555,DBTEST,3656
113657,5555,DBTEST,3657
113658,5555,DBTEST,3658
113659,5555,DBTEST,3659
113660,5555,DBTEST,3660
113661,5555,DBTEST,3661
113662,5555,DBTEST,3662
113663,5555,DBTEST,3663
113664,5555,DBTEST,3664
113665,5555,DBTEST,3665
113666,5555,DBTEST,3666
113667,5555,DBTEST,3667
113668,5555,DBTEST,3668
113669,5555,DBTEST,3669
113670,5555,DBTEST,3670
113671,5555,DBTEST,3671
113672,5555,DBTEST,3672
113673,5555,DBTEST,3673
113674,5555,DBTEST,3674
113675,5555,DBTEST,3675
113676,5555,DBTEST,3676
113677,5555,DBTEST,3677
113678,5555,DBTEST,3678
113679,5555,DBTEST,3679
113680,5555,DBTEST,3680
113681,5555,DBTEST,3681
113682,5555,DBTEST,3682
113683,5555,DBTEST,3683
113684,5555,DBTEST,3684
113685,5555,DBTEST,3685
113686,5555,DBTEST,3686
113687,5555,DBTEST,3687
113688,5555,DBTEST,3688
113689,5555,DBTEST,3689
113690,5555,DBTEST,3690
113691,5555,DBTEST,3691
113692,5555,DBTEST,3692
113693,5555,DBTEST,3693
113694,5555,DBTEST,3694
113695,5555,DBTEST,3695
113696,5555,DBTEST,3696
113697,5555,DBTEST,3697
113698,5555,DBTEST,3698
113699,5555,DBTEST,3699
113700,5555,DBTEST,3700
113701,5555,DBTEST,3701
113702,5555,DBTEST,3702
113703,5555,DBTEST,3703
113704,5555,DBTEST,3704
113705,5555,DBTEST,3705
113706,5555,DBTEST,3706
113707,5555,DBTEST,3707
113708,5555,DBTEST,3708
113709,5555,DBTEST,3709
113710,5555,DBTEST,3710
113711,5555,DBTEST,3711
113712,5555,DBTEST,3712
113713,5555,DBTEST,3713
113714,5555,DBTEST,3714
113715,5555,DBTEST,3715
113716,5555,DBTEST,3716
113717,5555,DBTEST,3717
113718,5555,DBTEST,3718
113719,5555,DBTEST,3719
113720,5555,DBTEST,3720
113721,5555,DBTEST,3721
113722,5555,DBTEST,3722
113723,5555,DBTEST,3723
113724,5555,DBTEST,3724
113725,5555,DBTEST,3725
113726,5555,DBTEST,3726
113727,5555,DBTEST,3727
113728,5555,DBTEST,3728
113729,5555,DBTEST,3729
113730,5555,DBTEST,3730
113731,5555,DBTEST,3731
113732,5555,DBTEST,3732
113733,5555,DBTEST,3733
113734,5555,DBTEST,3734
113735,5555,DBTEST,3735
113736,5555,DBTEST,3736
113737,5555,DBTEST,3737
113738,5555,DBTEST,3738
113739,5555,DBTEST,3739
113740,5555,DBTEST,3740
113741,5555,DBTEST,3741
113742,5555,DBTEST,3742
113743,5555,DBTEST,3743
113744,5555,DBTEST,3744
113745,5555,DBTEST,3745
113746,5555,DBTEST,3746
113747,5555,DBTEST,3747
113748,5555,DBTEST,3748
113749,5555,DBTEST,3749
113750,5555,DBTEST,3750
113751,5555,DBTEST,3751
113752,5555,DBTEST,3752
113753,5555,DBTEST,3753
113754,5555,DBTEST,3754
113755,5555,DBTEST,3755
113756,5555,DBTEST,3756
113757,5555,DBTEST,3757
113758,5555,DBTEST,3758
113759,5555,DBTEST,3759
113760,5555,DBTEST,3760
113761,5555,DBTEST,3761
113762,5555,DBTEST,3762
113763,5555,DBTEST,3763
113764,5555,DBTEST,3764
113765,5555,DBTEST,3765
113766,5555,DBTEST,3766
113767,5555,DBTEST,3767
113768,5555,DBTEST,3768
113769,5555,DBTEST,3769
113770,5555,DBTEST,3770
113771,5555,DBTEST,3771
113772,5555,DBTEST,3772
113773,5555,DBTEST,3773
113774,5555,DBTEST,3774
113775,5555,DBTEST,3775
113776,5555,DBTEST,3776
113777,5555,DBTEST,3777
113778,5555,DBTEST,3778
113779,5555,DBTEST,3779
113780,5555,DBTEST,3780
113781,5555,DBTEST,3781
113782,5555,DBTEST,3782
113783,5555,DBTEST,3783
113784,5555,DBTEST,3784
113785,5555,DBTEST,3785
113786,5555,DBTEST,3786
113787,5555,DBTEST,3787
113788,5555,DBTEST,3788
113789,5555,DBTEST,3789
113790,5555,DBTEST,3790
113791,5555,DBTEST,3791
113792,5555,DBTEST,3792
113793,5555,DBTEST,3793
113794,5555,DBTEST,3794
113795,5555,DBTEST,3795
113796,5555,DBTEST,3796
113797,5555,DBTEST,3797
113798,5555,DBTEST,3798
113799,5555,DBTEST,3799
113800,5555,DBTEST,3800
113801,5555,DBTEST,3801
113802,5555,DBTEST,3802
113803,5555,DBTEST,3803
113804,5555,DBTEST,3804
113805,5555,DBTEST,3805
113806,5555,DBTEST,3806
113807,5555,DBTEST,3807
113808,5555,DBTEST,3808
113809,5555,DBTEST,3809
113810,5555,DBTEST,3810
113811,5555,DBTEST,3811
113812,5555,DBTEST,3812
113813,5555,DBTEST,3813
113814,5555,DBTEST,3814
113815,5555,DBTEST,3815
113816,5555,DBTEST,3816
113817,5555,DBTEST,3817
113818,5555,DBTEST,3818
113819,5555,DBTEST,3819
113820,5555,DBTEST,3820
113821,5555,DBTEST,3821
113822,5555,DBTEST,3822
113823,5555,DBTEST,3823
113824,5555,DBTEST,3824
113825,5555,DBTEST,3825
113826,5555,DBTEST,3826
113827,5555,DBTEST,3827
113828,5555,DBTEST,3828
113829,5555,DBTEST,3829
113830,5555,DBTEST,3830
113831,5555,DBTEST,3831
113832,5555,DBTEST,3832
113833,5555,DBTEST,3833
113834,5555,DBTEST,3834
113835,5555,DBTEST,3835
113836,5555,DBTEST,3836
113837,5555,DBTEST,3837
113838,5555,DBTEST,3838
113839,5555,DBTEST,3839
113840,5555,DBTEST,3840
113841,5555,DBTEST,3841
113842,5555,DBTEST,3842
113843,5555,DBTEST,3843
113844,5555,DBTEST,3844
113845,5555,DBTEST,3845
113846,5555,DBTEST,3846
113847,5555,DBTEST,3847
113848,5555,DBTEST,3848
113849,5555,DBTEST,3849
113850,5555,DBTEST,3850
113851,5555,DBTEST,3851
113852,5555,DBTEST,3852
113853,5555,DBTEST,3853
113854,5555,DBTEST,3854
113855,5555,DBTEST,3855
113856,5555,DBTEST,3856
113857,5555,DBTEST,3857
113858,5555,DBTEST,3858
113859,5555,DBTEST,3859
113860,5555,DBTEST,3860
113861,5555,DBTEST,3861
113862,5555,DBTEST,3862
113863,5555,DBTEST,3863
113864,5555,DBTEST,3864
113865,5555,DBTEST,3865
113866,5555,DBTEST,3866
113867,5555,DBTEST,3867
113868,5555,DBTEST,3868
113869,5555,DBTEST,3869
113870,5555,DBTEST,3870
113871,5555,DBTEST,3871
113872,5555,DBTEST,3872
113873,5555,DBTEST,3873
113874,5555,DBTEST,3874
113875,5555,DBTEST,3875
113876,5555,DBTEST,3876
113877,5555,DBTEST,3877
113878,5555,DBTEST,3878
113879,5555,DBTEST,3879
113880,5555,DBTEST,3880
113881,5555,DBTEST,3881
113882,5555,DBTEST,3882
113883,5555,DBTEST,3883
113884,5555,DBTEST,3884
113885,5555,DBTEST,3885
113886,5555,DBTEST,3886
113887,5555,DBTEST,3887
113888,5555,DBTEST,3888
113889,5555,DBTEST,3889
113890,5555,DBTEST,3890
113891,5555,DBTEST,3891
113892,5555,DBTEST,3892
113893,5555,DBTEST,3893
113894,5555,DBTEST,3894
113895,5555,DBTEST,3895
113896,5555,DBTEST,3896
113897,5555,DBTEST,3897
113898,5555,DBTEST,3898
113899,5555,DBTEST,3899
113900,5555,DBTEST,3900
113901,5555,DBTEST,3901
113902,5555,DBTEST,3902
113903,5555,DBTEST,3903
113904,5555,DBTEST,3904
113905,5555,DBTEST,3905
113906,5555,DBTEST,3906
113907,5555,DBTEST,3907
113908,5555,DBTEST,3908
113909,5555,DBTEST,3909
113910,5555,DBTEST,3910
113911,5555,DBTEST,3911
113912,5555,DBTEST,3912
113913,5555,DBTEST,3913
113914,5555,DBTEST,3914
113915,5555,DBTEST,3915
113916,5555,DBTEST,3916
113917,5555,DBTEST,3917
113918,5555,DBTEST,3918
113919,5555,DBTEST,3919
113920,5555,DBTEST,3920
113921,5555,DBTEST,3921
113922,5555,DBTEST,3922
113923,5555,DBTEST,3923
113924,5555,DBTEST,3924
113925,5555,DBTEST,3925
113926,5555,DBTEST,3926
113927,5555,DBTEST,3927
113928,5555,DBTEST,3928
113929,5555,DBTEST,3929
113930,5555,DBTEST,3930
113931,5555,DBTEST,3931
113932,5555,DBTEST,3932
113933,5555,DBTEST,3933
113934,5555,DBTEST,3934
113935,5555,DBTEST,3935
113936,5555,DBTEST,3936
113937,5555,DBTEST,3937
113938,5555,DBTEST,3938
113939,5555,DBTEST,3939
113940,5555,DBTEST,3940
113941,5555,DBTEST,3941
113942,5555,DBTEST,3942
113943,5555,DBTEST,3943
113944,5555,DBTEST,3944
113945,5555,DBTEST,3945
113946,5555,DBTEST,3946
113947,5555,DBTEST,3947
113948,5555,DBTEST,3948
113949,5555,DBTEST,3949
113950,5555,DBTEST,3950
113951,5555,DBTEST,3951
113952,5555,DBTEST,3952
113953,5555,DBTEST,3953
113954,5555,DBTEST,3954
113955,5555,DBTEST,3955
113956,5555,DBTEST,3956
113957,5555,DBTEST,3957
113958,5555,DBTEST,3958
113959,5555,DBTEST,3959
113960,5555,DBTEST,3960
113961,5555,DBTEST,3961
113962,5555,DBTEST,3962
113963,5555,DBTEST,3963
113964,5555,DBTEST,3964
113965,5555,DBTEST,3965
113966,5555,DBTEST,3966
113967,5555,DBTEST,3967
113968,5555,DBTEST,3968
113969,5555,DBTEST,3969
113970,5555,DBTEST,3970
113971,5555,DBTEST,3971
113972,5555,DBTEST,3972
113973,5555,DBTEST,3973
113974,5555,DBTEST,3974
113975,5555,DBTEST,3975
113976,5555,DBTEST,3976
113977,5555,DBTEST,3977
113978,5555,DBTEST,3978
113979,5555,DBTEST,3979
113980,5555,DBTEST,3980
113981,5555,DBTEST,3981
113982,5555,DBTEST,3982
113983,5555,DBTEST,3983
113984,5555,DBTEST,3984
113985,5555,DBTEST,3985
113986,5555,DBTEST,3986
113987,5555,DBTEST,3987
113988,5555,DBTEST,3988
113989,5555,DBTEST,3989
113990,5555,DBTEST,3990
113991,5555,DBTEST,3991
113992,5555,DBTEST,3992
113993,5555,DBTEST,3993
113994,5555,DBTEST,3994
113995,5555,DBTEST,3995
113996,5555,DBTEST,3996
113997,5555,DBTEST,3997
113998,5555,DBTEST,3998
113999,5555,DBTEST,3999
114000,5555,DBTEST,4000
114001,5555,DBTEST,4001
114002,5555,DBTEST,4002
114003,5555,DBTEST,4003
114004,5555,DBTEST,4004
114005,5555,DBTEST,4005
114006,5555,DBTEST,4006
114007,5555,DBTEST,4007
114008,5555,DBTEST,4008
114009,5555,DBTEST,4009
114010,5555,DBTEST,4010
114011,5555,DBTEST,4011
114012,5555,DBTEST,4012
114013,5555,DBTEST,4013
114014,5555,DBTEST,4014
114015,5555,DBTEST,4015
114016,5555,DBTEST,4016
114017,5555,DBTEST,4017
114018,5555,DBTEST,4018
114019,5555,DBTEST,4019
114020,5555,DBTEST,4020
114021,5555,DBTEST,4021
114022,5555,DBTEST,4022
114023,5555,DBTEST,4023
114024,5555,DBTEST,4024
114025,5555,DBTEST,4025
114026,5555,DBTEST,4026
114027,5555,DBTEST,4027
114028,5555,DBTEST,4028
114029,5555,DBTEST,4029
114030,5555,DBTEST,4030
114031,5555,DBTEST,4031
114032,5555,DBTEST,4032
114033,5555,DBTEST,4033
114034,5555,DBTEST,4034
114035,5555,DBTEST,4035
114036,5556,DBTEST,4036
114037,5557,DBTEST,4037
114038,5558,DBTEST,4038
114039,5559,DBTEST,4039
114040,5560,DBTEST,4040
114041,5561,DBTEST,4041
114042,5562,DBTEST,4042
114043,5563,DBTEST,4043
114044,5564,DBTEST,4044
114045,5565,DBTEST,4045
114046,5566,DBTEST,4046
114047,5567,DBTEST,4047
114048,5568,DBTEST,4048
114049,5569,DBTEST,4049
114050,5570,DBTEST,4050
114051,5571,DBTEST,4051
114052,5572,DBTEST,4052
114053,5573,DBTEST,4053
114054,5574,DBTEST,4054
114055,5575,DBTEST,4055
114056,5576,DBTEST,4056
114057,5577,DBTEST,4057
114058,5578,DBTEST,4058
114059,5579,DBTEST,4059
114060,5580,DBTEST,4060
114061,5581,DBTEST,4061
114062,5582,DBTEST,4062
114063,5583,DBTEST,4063
114064,5584,DBTEST,4064
114065,5585,DBTEST,4065
114066,5586,DBTEST,4066
114067,5587,DBTEST,4067
114068,5588,DBTEST,4068
114069,5589,DBTEST,4069
114070,5590,DBTEST,4070
114071,5591,DBTEST,4071
114072,5592,DBTEST,4072
114073,5593,DBTEST,4073
114074,5594,DBTEST,4074
114075,5595,DBTEST,4075
114076,5596,DBTEST,4076
114077,5597,DBTEST,4077
114078,5598,DBTEST,4078
114079,5599,DBTEST,4079
114080,5600,DBTEST,4080
114081,5601,DBTEST,4081
114082,5602,DBTEST,4082
114083,5603,DBTEST,4083
114084,5604,DBTEST,4084
114085,5605,DBTEST,4085
114086,5606,DBTEST,4086
114087,5607,DBTEST,4087
114088,5608,DBTEST,4088
114089,5609,DBTEST,4089
114090,5610,DBTEST,4090
114091,5611,DBTEST,4091
114092,5612,DBTEST,4092
114093,5613,DBTEST,4093
114094,5614,DBTEST,4094
114095,5615,DBTEST,4095
114096,5616,DBTEST,4096
114097,5617,DBTEST,4097
114098,5618,DBTEST,4098
114099,5619,DBTEST,4099
114100,5620,DBTEST,4100
114101,5621,DBTEST,4101
114102,5622,DBTEST,4102
114103,5623,DBTEST,4103
114104,5624,DBTEST,4104
114105,5625,DBTEST,4105
114106,5626,DBTEST,4106
114107,5627,DBTEST,4107
114108,5628,DBTEST,4108
114109,5629,DBTEST,4109
114110,5630,DBTEST,4110
